,Номер,Наименование водного объекта,Азот нитритный,Азот аммонийный,Азот нитратный,Фенол,Нефтепродукты,Органические вещества (по ХПК),Железо,Медь,Цинк,Марганец,БПК5,Период наблюдений,Дата модификации
0,1,"р. Тура, в створе с. Салаирка",0,0,0,0,0,0,0,0,0,0,0,2015-01-20 00:00:00,2015-02-27 15:16:55
1,2,"р. Тура, выше г. Тюмени",0,0,0,0,0,0,0,0,0,0,0,2015-01-20 00:00:00,2015-02-27 15:15:08
2,3,"р. Тура, ниже г. Тюмени",0,0,0,0,0,0,0,0,0,0,0,2015-01-20 00:00:00,2015-02-27 15:14:32
3,4,"р. Ишим, в створе с. Ильинское",0,0,0,0,0,0,0,0,0,0,0,2015-01-20 00:00:00,2015-02-27 15:16:29
4,5,"р. Ишим, выше г. Ишима",0,0,0,0,0,0,0,0,0,0,0,2015-01-20 00:00:00,2015-02-27 15:20:08
5,6,"р. Ишим, ниже г. Ишима",0,0,0,0,0,0,0,0,0,0,0,2015-01-20 00:00:00,2015-02-27 15:21:22
6,7,"р. Тобол, в створе с. Коркино",0,0,0,0,0,0,0,0,0,0,0,2015-01-20 00:00:00,2015-02-27 15:22:40
7,8,"р. Тобол, выше г. Ялуторовска",0,0,0,0,0,0,0,0,0,0,0,2015-01-20 00:00:00,2015-02-27 15:23:31
8,9,"р. Тобол, ниже г. Ялуторовска",0,0,0,0,0,0,0,0,0,0,0,2015-01-20 00:00:00,2015-02-27 15:24:52
9,10,"р. Тура, в створе с. Салаирка",0,0,0,0,0,0,0,0,0,0,0,2015-02-20 00:00:00,2015-03-19 11:37:54
10,11,"р. Тура, выше г. Тюмени",0,0,0,0,0,0,0,0,0,0,0,2015-02-20 00:00:00,2015-03-19 11:39:21
11,12,"р. Тура, ниже г. Тюмени",0,0,0,0,0,0,0,0,0,0,0,2015-02-20 00:00:00,2015-03-19 11:40:20
12,13,"р. Ишим, в створе с. Ильинское",0,0,0,0,0,0,0,0,0,0,0,2015-02-20 00:00:00,2015-03-19 11:41:18
13,14,"р. Ишим, выше г. Ишима",0,0,0,0,0,0,0,0,0,0,0,2015-02-20 00:00:00,2015-03-19 11:43:11
14,15,"р. Ишим, ниже г. Ишима",0,0,0,0,0,0,0,0,0,0,0,2015-02-20 00:00:00,2015-03-19 11:44:18
15,16,"р. Тобол, в створе с. Коркино",0,0,0,0,0,0,0,0,0,0,0,2015-02-20 00:00:00,2015-03-19 11:45:41
16,17,"р. Тобол, выше г. Ялуторовска",0,0,0,0,0,0,0,0,0,0,0,2015-02-20 00:00:00,2015-03-19 11:46:43
17,18,"р. Тобол, ниже г. Ялуторовска",0,0,0,0,0,0,0,0,0,0,0,2015-02-20 00:00:00,2015-03-19 11:47:40
18,19,"р. Тура, в створе с. Салаирка",0,0,0,0,0,0,0,0,0,0,0,2015-03-20 00:00:00,2015-04-13 10:11:14
19,20,"р. Тура, выше г. Тюмени",0,0,0,0,0,0,0,0,0,0,0,2015-03-20 00:00:00,2015-04-13 10:12:38
20,21,"р. Тура, ниже г. Тюмени",0,0,0,0,0,0,0,0,0,0,0,2015-03-20 00:00:00,2015-04-13 10:14:19
21,22,"р. Ишим, в створе с. Ильинское",0,0,0,0,0,0,0,0,0,0,0,2015-03-20 00:00:00,2015-04-13 10:15:18
22,23,"р. Ишим, выше г. Ишима",0,0,0,0,0,0,0,0,0,0,0,2015-03-20 00:00:00,2015-04-13 10:16:12
23,24,"р. Ишим, ниже г. Ишима",0,0,0,0,0,0,0,0,0,0,0,2015-03-20 00:00:00,2015-04-13 10:17:20
24,25,"р. Тобол, в створе с. Коркино",0,0,0,0,0,0,0,0,0,0,0,2015-03-20 00:00:00,2015-04-13 10:19:11
25,26,"р. Тобол, выше г. Ялуторовска",0,0,0,0,0,0,0,0,0,0,0,2015-03-20 00:00:00,2015-04-13 10:23:27
26,27,"р. Тобол, ниже г. Ялуторовска",0,0,0,0,0,0,0,0,0,0,0,2015-03-20 00:00:00,2015-04-13 10:26:11
27,28,"р. Тура, в створе с. Салаирка",0,0,0,0,0,0,0,0,0,0,0,2015-04-20 00:00:00,2015-05-15 10:10:15
28,29,"р. Тура, выше г. Тюмени",0,0,0,0,0,0,0,0,0,0,0,2015-04-20 00:00:00,2015-05-15 10:11:19
29,30,"р. Тура, ниже г. Тюмени",0,0,0,0,0,0,0,0,0,0,0,2015-04-20 00:00:00,2015-05-15 10:12:16
30,31,"р. Ишим, в створе с. Ильинское",0,0,0,0,0,0,0,0,0,0,0,2015-04-20 00:00:00,2015-05-15 10:13:20
31,32,"р. Ишим, выше г. Ишима",0,0,0,0,0,0,0,0,0,0,0,2015-04-20 00:00:00,2015-05-15 10:14:40
32,33,"р. Ишим, ниже г. Ишима",0,0,0,0,0,0,0,0,0,0,0,2015-04-20 00:00:00,2015-05-15 10:15:48
33,34,"р. Тобол, в створе с. Коркино",0,0,0,0,0,0,0,0,0,0,0,2015-04-20 00:00:00,2015-05-15 10:17:30
34,35,"р. Тобол, выше г. Ялуторовска",0,0,0,0,0,0,0,0,0,0,0,2015-04-20 00:00:00,2015-05-15 10:18:21
35,36,"р. Тобол, ниже г. Ялуторовска",0,0,0,0,0,0,0,0,0,0,0,2015-04-20 00:00:00,2015-05-15 10:19:29
36,37,"р. Тура, в створе с. Салаирка",0,0,0,0,0,0,0,0,0,0,0,2015-05-20 00:00:00,2015-06-15 10:46:59
37,38,"р. Тура, выше г. Тюмени",0,0,0,0,0,0,0,0,0,0,0,2015-05-20 00:00:00,2015-06-15 10:48:24
38,39,"р. Тура, ниже г. Тюмени",0,0,0,0,0,0,0,0,0,0,0,2015-05-20 00:00:00,2015-06-15 10:49:26
39,40,"р. Тура, в створе с. Покровское",0,0,0,0,0,0,0,0,0,0,0,2015-05-20 00:00:00,2015-06-15 10:51:13
40,41,"р. Ишим, в створе с. Ильинское",0,0,0,0,0,0,0,0,0,0,0,2015-05-20 00:00:00,2015-06-15 10:52:06
41,42,"р. Ишим, выше г. Ишима",0,0,0,0,0,0,0,0,0,0,0,2015-05-20 00:00:00,2015-06-15 10:52:43
42,43,"р. Ишим, ниже г. Ишима",0,0,0,0,0,0,0,0,0,0,0,2015-05-20 00:00:00,2015-06-15 10:53:32
43,44,"р. Ишим, в створе с. Абатское",0,0,0,0,0,0,0,0,0,0,0,2015-05-20 00:00:00,2015-06-15 10:54:46
44,45,"р. Тобол, в створе с. Коркино",0,0,0,0,0,0,0,0,0,0,0,2015-05-20 00:00:00,2015-06-15 10:55:38
45,46,"р. Тобол, выше г. Ялуторовска",0,0,0,0,0,0,0,0,0,0,0,2015-05-20 00:00:00,2015-06-15 10:57:04
46,47,"р. Тобол, ниже г. Ялуторовска",0,0,0,0,0,0,0,0,0,0,0,2015-05-20 00:00:00,2015-06-15 10:58:13
47,48,"р. Тобол, в створе с. Иевлево",0,0,0,0,0,0,0,0,0,0,0,2015-05-20 00:00:00,2015-06-15 10:59:18
48,49,"р. Тура, в створе с. Салаирка",0,0,0,0,0,0,0,0,0,0,0,2015-06-20 00:00:00,2015-07-14 09:06:08
49,50,"р. Тура, выше г. Тюмени",0,0,0,0,0,0,0,0,0,0,0,2015-06-20 00:00:00,2015-07-14 09:07:35
50,51,"р. Тура, ниже г. Тюмени",0,0,0,0,0,0,0,0,0,0,0,2015-06-20 00:00:00,2015-07-14 09:11:05
51,52,"р. Тура, в створе с. Покровское",0,0,0,0,0,0,0,0,0,0,0,2015-06-20 00:00:00,2015-07-14 09:10:43
52,53,"р. Ишим, в створе с. Ильинское",0,0,0,0,0,0,0,0,0,0,0,2015-06-20 00:00:00,2015-07-14 09:29:20
53,54,"р. Ишим, выше г. Ишима",0,0,0,0,0,0,0,0,0,0,0,2015-06-20 00:00:00,2015-07-14 09:31:49
54,55,"р. Ишим, ниже г. Ишима",0,0,0,0,0,0,0,0,0,0,0,2015-06-20 00:00:00,2015-07-14 09:32:53
55,56,"р. Ишим, в створе с. Абатское",0,0,0,0,0,0,0,0,0,0,0,2015-06-20 00:00:00,2015-07-14 09:38:00
56,57,"р. Тобол, в створе с. Коркино",0,0,0,0,0,0,0,0,0,0,0,2015-06-20 00:00:00,2015-07-14 09:38:57
57,58,"р. Тобол, выше г. Ялуторовска",0,0,0,0,0,0,0,0,0,0,0,2015-06-20 00:00:00,2015-07-14 09:39:50
58,59,"р. Тобол, ниже г. Ялуторовска",0,0,0,0,0,0,0,0,0,0,0,2015-06-20 00:00:00,2015-07-14 10:50:53
59,60,"р. Тобол, в створе с. Иевлево",0,0,0,0,0,0,0,0,0,0,0,2015-06-20 00:00:00,2015-07-14 10:51:54
60,61,"р. Тура, в створе с. Салаирка",0,0,0,0,0,0,0,0,0,0,0,2015-07-20 00:00:00,2015-11-08 11:13:33
61,62,"р. Тура, выше г. Тюмени",0,0,0,0,0,0,0,0,0,0,0,2015-07-20 00:00:00,2015-11-08 11:14:32
62,63,"р. Тура, ниже г. Тюмени",0,0,0,0,0,0,0,0,0,0,0,2015-07-20 00:00:00,2015-11-08 11:15:41
63,64,"р. Тура, в створе с. Покровское",0,0,0,0,0,0,0,0,0,0,0,2015-07-20 00:00:00,2015-11-08 11:16:35
64,65,"р. Ишим, в створе с. Ильинское",0,0,0,0,0,0,0,0,0,0,0,2015-07-20 00:00:00,2015-11-08 11:18:21
65,66,"р. Ишим, выше г. Ишима",0,0,0,0,0,0,0,0,0,0,0,2015-07-20 00:00:00,2015-11-08 11:18:57
66,67,"р. Ишим, ниже г. Ишима",0,0,0,0,0,0,0,0,0,0,0,2015-07-20 00:00:00,2015-11-08 11:19:40
67,68,"р. Ишим, в створе с. Абатское",0,0,0,0,0,0,0,0,0,0,0,2015-07-20 00:00:00,2015-11-08 11:20:25
68,69,"р. Тобол, в створе с. Коркино",0,0,0,0,0,0,0,0,0,0,0,2015-07-20 00:00:00,2015-11-08 12:30:34
69,70,"р. Тобол, выше г. Ялуторовска",0,0,0,0,0,0,0,0,0,0,0,2015-07-20 00:00:00,2015-11-08 12:31:19
70,71,"р. Тобол, ниже г. Ялуторовска",0,0,0,0,0,0,0,0,0,0,0,2015-07-20 00:00:00,2015-11-08 12:32:24
71,72,"р. Тобол, в створе с. Иевлево",0,0,0,0,0,0,0,0,0,0,0,2015-07-20 00:00:00,2015-11-08 12:33:11
72,73,"р. Тура, в створе с. Салаирка",0,0,0,0,0,0,0,0,0,0,0,2015-08-20 00:00:00,2015-11-09 09:50:45
73,74,"р. Тура, выше г. Тюмени",0,0,0,0,0,0,0,0,0,0,0,2015-08-20 00:00:00,2015-11-09 09:51:39
74,75,"р. Тура, ниже г. Тюмени",0,0,0,0,0,0,0,0,0,0,0,2015-08-20 00:00:00,2015-11-09 09:52:32
75,76,"р. Тура, в створе с. Покровское",0,0,0,0,0,0,0,0,0,0,0,2015-08-20 00:00:00,2015-11-09 09:56:50
76,77,"р. Ишим, в створе с. Ильинское",0,0,0,0,0,0,0,0,0,0,0,2015-08-20 00:00:00,2015-11-09 10:27:49
77,78,"р. Ишим, выше г. Ишима",0,0,0,0,0,0,0,0,0,0,0,2015-08-20 00:00:00,2015-11-09 10:28:54
78,79,"р. Ишим, ниже г. Ишима",0,0,0,0,0,0,0,0,0,0,0,2015-08-20 00:00:00,2015-11-09 10:29:06
79,80,"р. Ишим, в створе с. Абатское",0,0,0,0,0,0,0,0,0,0,0,2015-08-20 00:00:00,2015-11-09 10:30:53
80,81,"р. Тобол, в створе с. Коркино",0,0,0,0,0,0,0,0,0,0,0,2015-08-20 00:00:00,2015-11-09 10:32:21
81,82,"р. Тобол, выше г. Ялуторовска",0,0,0,0,0,0,0,0,0,0,0,2015-08-20 00:00:00,2015-11-09 10:33:00
82,83,"р. Тобол, ниже г. Ялуторовска",0,0,0,0,0,0,0,0,0,0,0,2015-08-20 00:00:00,2015-11-09 10:33:43
83,84,"р. Тобол, в створе с. Иевлево",0,0,0,0,0,0,0,0,0,0,0,2015-08-20 00:00:00,2015-11-09 10:34:45
84,85,"р. Тура, в створе с. Салаирка",0,0,0,0,0,0,0,0,0,0,0,2015-09-20 00:00:00,2015-10-20 13:59:49
85,86,"р. Тура, выше г. Тюмени",0,0,0,0,0,0,0,0,0,0,0,2015-09-20 00:00:00,2015-10-20 14:01:21
86,87,"р. Тура, ниже г. Тюмени",0,0,0,0,0,0,0,0,0,0,0,2015-09-20 00:00:00,2015-10-20 14:02:16
87,88,"р. Ишим, в створе с. Ильинское",0,0,0,0,0,0,0,0,0,0,0,2015-09-20 00:00:00,2015-10-20 14:03:10
88,89,"р. Ишим, выше г. Ишима",0,0,0,0,0,0,0,0,0,0,0,2015-09-20 00:00:00,2015-10-20 14:03:49
89,90,"р. Ишим, ниже г. Ишима",0,0,0,0,0,0,0,0,0,0,0,2015-09-20 00:00:00,2015-10-20 14:04:51
90,91,"р. Тобол, в створе с. Коркино",0,0,0,0,0,0,0,0,0,0,0,2015-09-20 00:00:00,2015-10-20 14:07:11
91,92,"р. Тобол, выше г. Ялуторовска",0,0,0,0,0,0,0,0,0,0,0,2015-09-20 00:00:00,2015-10-20 14:07:43
92,93,"р. Тобол, ниже г. Ялуторовска",0,0,0,0,0,0,0,0,0,0,0,2015-08-20 00:00:00,2015-10-20 14:08:00
93,94,"р. Тобол, ниже г. Ялуторовска",0,0,0,0,0,0,0,0,0,0,0,2015-09-20 00:00:00,2015-10-20 14:08:37
94,95,"р. Тура, в створе с. Салаирка",0,0,0,0,0,0,0,0,0,0,0,2015-10-20 00:00:00,2015-10-11 15:30:49
95,96,"р. Тура, выше г. Тюмени",0,0,0,0,0,0,0,0,0,0,0,2015-10-20 00:00:00,2015-10-11 15:31:38
96,97,"р. Тура, ниже г. Тюмени",0,0,0,0,0,0,0,0,0,0,0,2015-10-20 00:00:00,2015-10-11 15:32:13
97,98,"р. Ишим, в створе с. Ильинское",0,0,0,0,0,0,0,0,0,0,0,2015-10-20 00:00:00,2015-10-11 15:32:43
98,99,"р. Ишим, выше г. Ишима",0,0,0,0,0,0,0,0,0,0,0,2015-10-20 00:00:00,2015-10-11 15:33:17
99,100,"р. Ишим, ниже г. Ишима",0,0,0,0,0,0,0,0,0,0,0,2015-10-20 00:00:00,2015-10-11 15:33:55
100,101,"р. Ишим, в створе с. Абатское",0,0,0,0,0,0,0,0,0,0,0,2015-10-20 00:00:00,2015-10-11 15:34:37
101,102,"р. Тобол, в створе с. Коркино",0,0,0,0,0,0,0,0,0,0,0,2015-10-20 00:00:00,2015-10-11 15:35:58
102,103,"р. Тобол, выше г. Ялуторовска",0,0,0,0,0,0,0,0,0,0,0,2015-10-20 00:00:00,2015-10-11 15:36:33
103,104,"р. Тобол, ниже г. Ялуторовска",0,0,0,0,0,0,0,0,0,0,0,2015-10-20 00:00:00,2015-10-11 15:37:15
104,105,"р. Тобол, в створе с. Иевлево",0,0,0,0,0,0,0,0,0,0,0,2015-10-20 00:00:00,2015-10-11 15:38:40
105,106,"р. Тура, в створе с. Салаирка",0,0,0,0,0,0,0,0,0,0,0,2015-11-20 00:00:00,2015-10-12 16:00:48
106,107,"р. Тура, выше г. Тюмени",0,0,0,0,0,0,0,0,0,0,0,2015-11-20 00:00:00,2015-10-12 16:15:11
107,108,"р. Тура, ниже г. Тюмени",0,0,0,0,0,0,0,0,0,0,0,2015-11-20 00:00:00,2015-10-12 16:16:06
108,109,"р. Ишим, в створе с. Ильинское",0,0,0,0,0,0,0,0,0,0,0,2015-11-20 00:00:00,2015-10-12 16:17:14
109,110,"р. Ишим, выше г. Ишима",0,0,0,0,0,0,0,0,0,0,0,2015-11-20 00:00:00,2015-10-12 16:18:19
110,111,"р. Ишим, ниже г. Ишима",0,0,0,0,0,0,0,0,0,0,0,2015-11-20 00:00:00,2015-10-12 16:20:06
111,112,"р. Тобол, в створе с. Коркино",0,0,0,0,0,0,0,0,0,0,0,2015-11-20 00:00:00,2015-10-12 16:20:46
112,113,"р. Тобол, выше г. Ялуторовска",0,0,0,0,0,0,0,0,0,0,0,2015-11-20 00:00:00,2015-10-12 16:21:37
113,114,"р. Тобол, ниже г. Ялуторовска",0,0,0,0,0,0,0,0,0,0,0,2015-11-20 00:00:00,2015-10-12 16:23:34
114,115,"р. Тура, в створе с. Салаирка",0,0,0,0,0,0,0,0,0,0,0,2015-12-18 00:00:00,2016-01-15 13:26:17
115,116,"р. Тура, выше г. Тюмени",0,0,0,0,0,0,0,0,0,0,0,2015-12-18 00:00:00,2016-01-15 13:32:41
116,117,"р. Тура, ниже г. Тюмени",0,0,0,0,0,0,0,0,0,0,0,2015-12-18 00:00:00,2016-01-15 13:33:05
117,118,"р. Ишим, в створе с. Ильинское",0,0,0,0,0,0,0,0,0,0,0,2015-12-18 00:00:00,2016-01-15 13:33:35
118,119,"р. Ишим, выше г. Ишима",0,0,0,0,0,0,0,0,0,0,0,2015-12-18 00:00:00,2016-01-15 13:34:01
119,120,"р. Ишим, ниже г. Ишима",0,0,0,0,0,0,0,0,0,0,0,2015-12-18 00:00:00,2016-01-15 13:34:35
120,121,"р. Тобол, в створе с. Коркино",0,0,0,0,0,0,0,0,0,0,0,2015-12-18 00:00:00,2016-01-15 13:35:11
121,122,"р. Тобол, выше г. Ялуторовска",0,0,0,0,0,0,0,0,0,0,0,2015-12-18 00:00:00,2016-01-15 13:35:58
122,123,"р. Тобол, ниже г. Ялуторовска",0,0,0,0,0,0,0,0,0,0,0,2015-12-18 00:00:00,2016-01-15 13:36:46
123,124,"р. Тура, в створе с. Салаирка",0,0,0,0,0,0,0,0,0,0,0,2016-02-19 00:00:00,2016-03-15 16:39:47
124,125,"р. Тура, выше г. Тюмени",0,0,0,0,0,0,0,0,0,0,0,2016-02-19 00:00:00,2016-03-15 16:40:31
125,126,"р. Тура, ниже г. Тюмени",0,0,0,0,0,0,0,0,0,0,0,2016-02-19 00:00:00,2016-03-15 16:41:03
126,127,"р. Ишим, в створе с. Ильинское",0,0,0,0,0,0,0,0,0,0,0,2016-02-19 00:00:00,2016-03-15 16:41:32
127,128,"р. Ишим, выше г. Ишима",0,0,0,0,0,0,0,0,0,0,0,2016-02-19 00:00:00,2016-03-15 16:42:00
128,129,"р. Ишим, ниже г. Ишима",0,0,0,0,0,0,0,0,0,0,0,2016-02-19 00:00:00,2016-03-15 16:42:27
129,130,"р. Тобол, в створе с. Коркино",0,0,0,0,0,0,0,0,0,0,0,2016-02-19 00:00:00,2016-03-15 16:43:17
130,131,"р. Тобол, выше г. Ялуторовска",0,0,0,0,0,0,0,0,0,0,0,2016-02-19 00:00:00,2016-03-15 16:44:01
131,132,"р. Тобол, ниже г. Ялуторовска",0,0,0,0,0,0,0,0,0,0,0,2016-02-19 00:00:00,2016-03-15 16:44:55
132,133,"р. Тура, в створе с. Салаирка",0,0,0,0,0,0,0,0,0,0,0,2016-01-22 00:00:00,2016-03-15 17:08:08
133,134,"р. Тура, выше г. Тюмени",0,0,0,0,0,0,0,0,0,0,0,2016-01-22 00:00:00,2016-03-15 17:08:43
134,135,"р. Тура, ниже г. Тюмени",0,0,0,0,0,0,0,0,0,0,0,2016-01-22 00:00:00,2016-03-15 17:10:11
135,136,"р. Ишим, в створе с. Ильинское",0,0,0,0,0,0,0,0,0,0,0,2016-01-22 00:00:00,2016-03-15 17:10:55
136,137,"р. Ишим, выше г. Ишима",0,0,0,0,0,0,0,0,0,0,0,2016-01-22 00:00:00,2016-03-15 17:11:43
137,138,"р. Ишим, ниже г. Ишима",0,0,0,0,0,0,0,0,0,0,0,2016-01-22 00:00:00,2016-03-15 17:12:21
138,139,"р. Тобол, в створе с. Коркино",0,0,0,0,0,0,0,0,0,0,0,2016-01-22 00:00:00,2016-03-15 17:13:05
139,140,"р. Тобол, выше г. Ялуторовска",0,0,0,0,0,0,0,0,0,0,0,2016-01-22 00:00:00,2016-03-15 17:13:58
140,141,"р. Тобол, ниже г. Ялуторовска",0,0,0,0,0,0,0,0,0,0,0,2016-01-22 00:00:00,2016-03-15 17:14:50
141,142,"р. Тура, в створе с. Салаирка",0,0,0,0,0,0,0,0,0,0,0,2016-03-18 00:00:00,2016-04-15 09:22:39
142,143,"р. Тура, выше г. Тюмени",0,0,0,0,0,0,0,0,0,0,0,2016-03-18 00:00:00,2016-04-15 09:23:32
143,144,"р. Тура, ниже г. Тюмени",0,0,0,0,0,0,0,0,0,0,0,2016-03-18 00:00:00,2016-04-15 09:24:20
144,145,"р. Ишим, в створе с. Ильинское",0,0,0,0,0,0,0,0,0,0,0,2016-03-18 00:00:00,2016-04-15 09:54:36
145,146,"р. Ишим, выше г. Ишима",0,0,0,0,0,0,0,0,0,0,0,2016-03-18 00:00:00,2016-04-15 09:55:13
146,147,"р. Ишим, ниже г. Ишима",0,0,0,0,0,0,0,0,0,0,0,2016-03-18 00:00:00,2016-04-15 09:55:56
147,148,"р. Тобол, в створе с. Коркино",0,0,0,0,0,0,0,0,0,0,0,2016-03-18 00:00:00,2016-04-15 09:56:47
148,149,"р. Тобол, выше г. Ялуторовска",0,0,0,0,0,0,0,0,0,0,0,2016-03-18 00:00:00,2016-04-15 09:58:28
149,150,"р. Тобол, ниже г. Ялуторовска",0,0,0,0,0,0,0,0,0,0,0,2016-03-18 00:00:00,2016-04-15 09:59:23
150,151,"р. Тура, в створе с. Салаирка",0,1,0,1,1,0,0,0,0,0,0,2016-04-22 00:00:00,2016-05-23 12:05:53
151,152,"р. Тура, выше г. Тюмени",1,1,0,1,0,0,0,0,0,0,0,2016-04-22 00:00:00,2016-05-23 12:10:13
152,153,"р. Тура, ниже г. Тюмени",1,1,0,1,0,0,0,0,0,0,0,2016-04-22 00:00:00,2016-05-23 12:11:19
153,154,"р. Тура, в створе с. Покровское",1,1,0,1,0,0,0,0,0,0,0,2016-04-22 00:00:00,2016-05-23 12:12:43
154,155,"р. Ишим, в створе с. Ильинское",0,1,0,1,0,0,0,0,0,0,0,2016-04-22 00:00:00,2016-05-23 12:34:19
155,156,"р. Ишим, выше г. Ишима",1,1,0,1,0,0,0,0,0,0,0,2016-04-22 00:00:00,2016-05-23 12:35:38
156,157,"р. Ишим, ниже г. Ишима",0,1,0,1,0,0,0,0,0,0,0,2016-04-22 00:00:00,2016-05-23 12:36:34
157,158,"р. Ишим, в створе с. Абатское",1,1,0,0,0,0,0,0,0,0,0,2016-04-22 00:00:00,2016-05-23 12:37:49
158,159,"р. Тобол, в створе с. Коркино",1,1,0,1,1,0,0,0,0,0,0,2016-04-22 00:00:00,2016-05-23 12:40:13
159,160,"р. Тобол, выше г. Ялуторовска",1,1,0,0,0,0,0,0,0,0,0,2016-04-22 00:00:00,2016-05-23 12:53:59
160,161,"р. Тобол, ниже г. Ялуторовска",1,1,0,0,0,0,0,0,0,0,0,2016-04-22 00:00:00,2016-05-23 12:54:40
161,162,"р. Тобол, в створе с. Иевлево",1,1,0,1,1,0,0,0,0,0,0,2016-04-22 00:00:00,2016-05-23 12:56:09
162,163,"р. Тура, в створе с. Салаирка",0,0,0,1,1,0,0,0,0,0,0,2016-05-20 00:00:00,2016-08-06 14:46:38
163,164,"р. Тура, выше г. Тюмени",1,1,0,0,0,0,0,0,0,0,0,2016-05-20 00:00:00,2016-08-06 14:48:19
164,165,"р. Тура, ниже г. Тюмени",1,1,0,0,0,0,0,0,0,0,0,2016-05-20 00:00:00,2016-08-06 14:49:45
165,166,"р. Тура, в створе с. Покровское",1,1,0,1,0,0,0,0,0,0,0,2016-05-20 00:00:00,2016-08-06 14:50:57
166,167,"р. Ишим, в створе с. Ильинское",0,0,0,1,0,0,0,0,0,0,0,2016-05-20 00:00:00,2016-08-06 14:53:21
167,168,"р. Ишим, выше г. Ишима",1,1,0,1,0,0,0,0,0,0,0,2016-05-20 00:00:00,2016-08-06 14:54:06
168,169,"р. Ишим, ниже г. Ишима",0,0,0,1,0,0,0,0,0,0,0,2016-05-20 00:00:00,2016-08-06 14:56:16
169,170,"р. Ишим, в створе с. Абатское",0,0,0,1,0,0,0,0,0,0,0,2016-05-20 00:00:00,2016-08-06 14:57:00
170,171,"р. Тобол, в створе с. Коркино",0,0,0,0,1,0,0,0,0,0,0,2016-05-20 00:00:00,2016-08-06 14:57:41
171,172,"р. Тобол, выше г. Ялуторовска",0,0,0,1,0,0,0,0,0,0,0,2016-05-20 00:00:00,2016-08-06 14:58:56
172,173,"р. Тобол, ниже г. Ялуторовска",0,0,0,1,0,0,0,0,0,0,0,2016-05-20 00:00:00,2016-08-06 14:59:38
173,174,"р. Тобол, в створе с. Иевлево",0,1,0,1,0,0,0,0,0,0,0,2016-05-20 00:00:00,2016-08-06 15:00:58
174,175,"р. Тура, в створе с. Салаирка",1,1,0,1,0,0,0,0,0,0,0,2016-06-17 00:00:00,2016-11-07 14:47:22
175,176,"р. Тура, выше г. Тюмени",1,1,0,1,1,0,0,0,0,0,0,2016-06-17 00:00:00,2016-11-07 14:48:09
176,177,"р. Тура, ниже г. Тюмени",1,1,0,1,1,0,0,0,0,0,0,2016-06-17 00:00:00,2016-11-07 14:48:53
177,178,"р. Тура, в створе с. Покровское",0,1,0,1,0,0,0,0,0,0,0,2016-06-17 00:00:00,2016-11-07 14:49:44
178,179,"р. Ишим, в створе с. Ильинское",1,1,0,1,1,0,0,0,0,0,0,2016-06-17 00:00:00,2016-11-07 14:53:09
179,180,"р. Ишим, выше г. Ишима",1,0,0,1,0,0,0,0,0,0,0,2016-06-17 00:00:00,2016-11-07 14:54:04
180,181,"р. Ишим, ниже г. Ишима",1,0,0,1,0,0,0,0,0,0,0,2016-06-17 00:00:00,2016-11-07 14:55:06
181,182,"р. Ишим, в створе с. Абатское",1,0,0,0,1,0,0,0,0,0,0,2016-06-17 00:00:00,2016-11-07 14:56:07
182,183,"р. Тобол, в створе с. Коркино",1,1,0,0,1,0,0,0,0,0,0,2016-06-17 00:00:00,2016-11-07 14:56:58
183,184,"р. Тобол, выше г. Ялуторовска",0,1,0,1,0,0,0,0,0,0,0,2016-06-17 00:00:00,2016-11-07 14:57:44
184,185,"р. Тобол, ниже г. Ялуторовска",0,1,0,1,0,0,0,0,0,0,0,2016-06-17 00:00:00,2016-11-07 14:58:39
185,186,"р. Тобол, в створе с. Иевлево",1,1,0,1,0,0,0,0,0,0,0,2016-06-17 00:00:00,2016-11-07 14:59:29
186,187,"р. Тура, в створе с. Салаирка",0,1,0,1,0,0,0,0,0,0,0,2016-07-22 00:00:00,2016-11-08 12:38:23
187,188,"р. Тура, выше г. Тюмени",0,1,0,1,0,0,0,0,0,0,0,2016-07-22 00:00:00,2016-11-08 12:39:11
188,189,"р. Тура, ниже г. Тюмени",0,1,0,1,0,0,0,0,0,0,0,2016-07-22 00:00:00,2016-11-08 12:39:47
189,190,"р. Тура, в створе с. Покровское",0,1,0,1,0,0,0,0,0,0,0,2016-07-22 00:00:00,2016-11-08 12:40:38
190,191,"р. Ишим, в створе с. Ильинское",1,1,0,1,1,0,0,0,0,0,0,2016-07-22 00:00:00,2016-11-08 12:41:32
191,192,"р. Ишим, выше г. Ишима",0,0,0,1,1,0,0,0,0,0,0,2016-07-22 00:00:00,2016-11-08 12:42:17
192,193,"р. Ишим, ниже г. Ишима",0,0,0,0,0,0,0,0,0,0,0,2016-07-22 00:00:00,2016-11-08 12:42:55
193,194,"р. Ишим, в створе с. Абатское",0,0,0,0,1,0,0,0,0,0,0,2016-07-22 00:00:00,2016-11-08 12:43:37
194,195,"р. Тобол, в створе с. Коркино",0,1,0,1,0,0,0,0,0,0,0,2016-07-22 00:00:00,2016-11-08 16:33:21
195,196,"р. Тобол, выше г. Ялуторовска",0,1,0,0,1,0,0,0,0,0,0,2016-07-22 00:00:00,2016-11-08 16:34:17
196,197,"р. Тобол, ниже г. Ялуторовска",0,1,0,0,1,0,0,0,0,0,0,2016-07-22 00:00:00,2016-11-08 16:35:18
197,198,"р. Тобол, в створе с. Иевлево",0,1,0,0,0,0,0,0,0,0,0,2016-07-22 00:00:00,2016-11-08 16:36:13
198,199,"р. Тура, в створе с. Салаирка",0,1,0,1,1,0,0,0,0,0,0,2016-08-31 00:00:00,2016-07-09 16:25:42
199,200,"р. Тура, выше г. Тюмени",1,1,0,1,0,0,0,0,0,0,0,2016-08-31 00:00:00,2016-07-09 16:26:54
200,201,"р. Тура, ниже г. Тюмени",1,1,0,1,0,0,0,0,0,0,0,2016-08-31 00:00:00,2016-07-09 16:28:18
201,202,"р. Тура, в створе с. Покровское",1,1,0,0,0,0,0,0,0,0,0,2016-08-31 00:00:00,2016-07-09 16:29:19
202,203,"р. Ишим, в створе с. Ильинское",1,0,0,1,0,0,0,0,0,0,0,2016-08-31 00:00:00,2016-07-09 16:30:12
203,204,"р. Ишим, выше г. Ишима",0,0,0,0,1,0,0,0,0,0,0,2016-08-31 00:00:00,2016-07-09 16:31:11
204,205,"р. Ишим, ниже г. Ишима",0,0,0,0,1,0,0,0,0,0,0,2016-08-31 00:00:00,2016-07-09 16:32:04
205,206,"р. Ишим, в створе с. Абатское",1,0,0,0,1,0,0,0,0,0,0,2016-08-31 00:00:00,2016-07-09 16:33:01
206,207,"р. Тобол, в створе с. Коркино",1,1,0,0,0,0,0,0,0,0,0,2016-08-31 00:00:00,2016-07-09 16:33:59
207,208,"р. Тобол, выше г. Ялуторовска",0,1,0,0,1,0,0,0,0,0,0,2016-08-31 00:00:00,2016-07-09 16:36:30
208,209,"р. Тобол, ниже г. Ялуторовска",0,1,0,0,1,0,0,0,0,0,0,2016-08-31 00:00:00,2016-07-09 16:43:29
209,210,"р. Тобол, в створе с. Иевлево",1,1,0,0,0,0,0,0,0,0,0,2016-08-31 00:00:00,2016-07-09 16:44:33
210,211,"р. Тура, в створе с. Салаирка",0,1,0,0,1,0,0,0,0,0,0,2016-09-30 00:00:00,2016-10-17 14:27:05
211,212,"р. Тура, выше г. Тюмени",0,0,0,1,0,0,0,0,0,0,0,2016-09-30 00:00:00,2016-10-17 14:28:02
212,213,"р. Тура, ниже г. Тюмени",0,0,0,1,0,0,0,0,0,0,0,2016-09-30 00:00:00,2016-10-17 14:29:53
213,214,"р. Тура, в створе с. Покровское",0,0,0,0,0,0,0,0,0,0,0,2016-09-30 00:00:00,2016-10-17 14:30:42
214,215,"р. Ишим, в створе с. Ильинское",1,0,0,1,1,0,0,0,0,0,0,2016-09-30 00:00:00,2016-10-17 14:31:54
215,216,"р. Ишим, выше г. Ишима",0,1,0,0,1,0,0,0,0,0,0,2016-09-30 00:00:00,2016-10-17 14:33:23
216,217,"р. Ишим, ниже г. Ишима",0,1,0,0,1,0,0,0,0,0,0,2016-09-30 00:00:00,2016-10-17 14:34:34
217,218,"р. Ишим, в створе с. Абатское",0,0,0,0,0,0,0,0,0,0,0,2016-09-30 00:00:00,2016-10-17 14:37:11
218,219,"р. Тобол, в створе с. Коркино",0,0,0,1,0,0,0,0,0,0,0,2016-09-30 00:00:00,2016-10-17 14:38:03
219,220,"р. Тобол, выше г. Ялуторовска",0,1,0,1,1,0,0,0,0,0,0,2016-09-30 00:00:00,2016-10-17 14:42:38
220,221,"р. Тобол, ниже г. Ялуторовска",0,1,0,1,1,0,0,0,0,0,0,2016-09-30 00:00:00,2016-10-17 14:43:55
221,222,"р. Тобол, в створе с. Иевлево",0,0,0,0,0,0,0,0,0,0,0,2016-09-30 00:00:00,2016-10-17 14:44:43
222,223,"р. Тура, в створе с. Салаирка",0,0,0,0,0,0,0,0,0,0,0,2016-10-20 00:00:00,2016-02-12 10:33:05
223,224,"р. Тура, выше г. Тюмени",0,0,0,0,0,0,0,0,0,0,0,2016-10-20 00:00:00,2016-02-12 10:33:34
224,225,"р. Тура, ниже г. Тюмени",0,0,0,0,0,0,0,0,0,0,0,2016-10-20 00:00:00,2016-02-12 10:34:13
225,226,"р. Ишим, в створе с. Ильинское",0,0,0,1,0,0,0,0,0,0,0,2016-10-20 00:00:00,2016-02-12 10:37:29
226,227,"р. Ишим, выше г. Ишима",0,0,0,1,0,0,0,0,0,0,0,2016-10-20 00:00:00,2016-02-12 10:38:13
227,228,"р. Ишим, ниже г. Ишима",0,0,0,1,0,0,0,0,0,0,0,2016-10-20 00:00:00,2016-02-12 10:38:40
228,229,"р. Тобол, в створе с. Коркино",1,1,0,0,0,0,0,0,0,0,0,2016-10-20 00:00:00,2016-02-12 12:08:11
229,230,"р. Тобол, выше г. Ялуторовска",1,0,0,1,0,0,0,0,0,0,0,2016-10-20 00:00:00,2016-02-12 12:08:50
230,231,"р. Тобол, ниже г. Ялуторовска",1,0,0,1,0,0,0,0,0,0,0,2016-10-20 00:00:00,2016-02-12 12:09:48
231,232,"р. Тура, в створе с. Салаирка",0,1,0,0,1,0,0,0,0,0,0,2016-11-18 00:00:00,2017-01-17 17:08:11
232,233,"р. Тура, выше г. Тюмени",0,1,0,0,1,0,0,0,0,0,0,2016-11-18 00:00:00,2017-01-17 17:09:04
233,234,"р. Тура, ниже г. Тюмени",0,1,0,0,1,0,0,0,0,0,0,2016-11-18 00:00:00,2017-01-17 17:09:44
234,235,"р. Ишим, в створе с. Ильинское",0,0,0,0,0,0,0,0,0,0,0,2016-11-18 00:00:00,2017-01-17 17:10:22
235,236,"р. Ишим, выше г. Ишима",0,0,0,1,0,0,0,0,0,0,0,2016-11-18 00:00:00,2017-01-17 17:11:09
236,237,"р. Ишим, ниже г. Ишима",0,0,0,1,0,0,0,0,0,0,0,2016-11-18 00:00:00,2017-01-17 17:11:39
237,238,"р. Тобол, в створе с. Коркино",1,0,0,0,1,0,0,0,0,0,0,2016-11-18 00:00:00,2017-01-17 17:13:31
238,239,"р. Тобол, выше г. Ялуторовска",1,0,0,0,0,0,0,0,0,0,0,2016-11-18 00:00:00,2017-01-17 17:14:32
239,240,"р. Тобол, ниже г. Ялуторовска",1,0,0,0,0,0,0,0,0,0,0,2016-11-18 00:00:00,2017-01-17 17:32:40
240,241,"р. Тура, в створе с. Салаирка",0,0,0,0,1,0,0,0,0,0,0,2016-12-20 00:00:00,2017-01-17 17:33:32
241,242,"р. Тура, выше г. Тюмени",1,1,0,1,1,0,0,0,0,0,0,2016-12-20 00:00:00,2017-01-17 17:34:29
242,243,"р. Тура, ниже г. Тюмени",1,1,0,1,1,0,0,0,0,0,0,2016-12-20 00:00:00,2017-01-17 17:35:05
243,244,"р. Ишим, в створе с. Ильинское",0,1,0,0,0,0,0,0,0,0,0,2016-12-20 00:00:00,2017-01-17 17:36:12
244,245,"р. Ишим, выше г. Ишима",0,1,0,1,0,0,0,0,0,0,0,2016-12-20 00:00:00,2017-01-17 17:37:00
245,246,"р. Ишим, ниже г. Ишима",0,1,0,1,0,0,0,0,0,0,0,2016-12-20 00:00:00,2017-01-17 17:37:36
246,247,"р. Тобол, в створе с. Коркино",0,1,0,1,0,0,0,0,0,0,0,2016-12-20 00:00:00,2017-01-17 17:39:13
247,248,"р. Тобол, выше г. Ялуторовска",1,0,0,1,1,0,0,0,0,0,0,2016-12-20 00:00:00,2017-01-17 17:40:14
248,249,"р. Тобол, ниже г. Ялуторовска",1,0,0,1,1,0,0,0,0,0,0,2016-12-20 00:00:00,2017-01-17 17:41:40
249,250,"р. Тура, в створе с. Салаирка",1,1,0,0,1,0,0,0,0,0,0,2017-01-20 00:00:00,2017-10-08 14:16:09
250,251,"р. Тура, в створе с. Салаирка",1,0,0,1,0,0,0,0,0,0,0,2017-02-20 00:00:00,2017-10-08 14:16:44
251,252,"р. Тура, в створе с. Салаирка",1,0,0,1,0,0,0,0,0,0,0,2017-03-20 00:00:00,2017-10-08 14:17:25
252,253,"р. Тура, в створе с. Салаирка",1,1,0,1,0,0,0,0,0,0,0,2017-04-20 00:00:00,2017-10-08 14:18:37
253,254,"р. Тура, в створе с. Салаирка",0,1,0,1,1,0,0,0,0,0,0,2017-05-22 00:00:00,2017-10-08 14:19:17
254,255,"р. Тура, в створе с. Салаирка",0,1,0,1,0,0,0,0,0,0,0,2017-06-20 00:00:00,2017-10-08 14:19:45
255,256,"р. Тура, в створе с. Салаирка",0,1,0,1,0,0,0,0,0,0,0,2017-07-20 00:00:00,2017-07-09 11:57:21
256,257,"р. Тура, выше г. Тюмени",1,1,0,1,0,0,0,0,0,0,0,2017-01-20 00:00:00,2017-10-08 14:24:30
257,258,"р. Тура, выше г. Тюмени",1,1,0,1,0,0,0,0,0,0,0,2017-02-20 00:00:00,2017-10-08 14:28:19
258,259,"р. Тура, выше г. Тюмени",1,1,0,1,0,0,0,0,0,0,0,2017-03-20 00:00:00,2017-10-08 14:28:50
259,260,"р. Тура, выше г. Тюмени",0,1,0,1,1,0,0,0,0,0,0,2017-04-20 00:00:00,2017-10-08 14:29:48
260,261,"р. Тура, выше г. Тюмени",0,1,0,1,1,0,0,0,0,0,0,2017-05-22 00:00:00,2017-10-08 14:30:21
261,262,"р. Тура, выше г. Тюмени",0,1,0,1,1,0,0,0,0,0,0,2017-06-20 00:00:00,2017-10-08 14:31:06
262,263,"р. Тура, выше г. Тюмени",0,1,0,1,0,0,0,0,0,0,0,2017-07-20 00:00:00,2017-10-08 14:31:28
263,264,"р. Тура, ниже г. Тюмени",1,1,0,1,0,0,0,0,0,0,0,2017-01-20 00:00:00,2017-10-08 14:41:40
264,265,"р. Тура, ниже г. Тюмени",1,1,0,1,0,0,0,0,0,0,0,2017-02-20 00:00:00,2017-10-08 14:42:04
265,266,"р. Тура, ниже г. Тюмени",1,1,0,1,0,0,0,0,0,0,0,2017-03-20 00:00:00,2017-10-08 14:44:25
266,267,"р. Тура, ниже г. Тюмени",0,1,0,1,1,0,0,0,0,0,0,2017-04-20 00:00:00,2017-10-08 14:48:04
267,268,"р. Тура, ниже г. Тюмени",0,1,0,1,1,0,0,0,0,0,0,2017-05-22 00:00:00,2017-10-08 14:51:54
268,269,"р. Тура, ниже г. Тюмени",0,1,0,1,1,0,0,0,0,0,0,2017-06-20 00:00:00,2017-10-08 14:52:19
269,270,"р. Тура, ниже г. Тюмени",0,1,0,1,0,0,0,0,0,0,0,2017-07-20 00:00:00,2017-10-08 14:52:41
270,271,"р. Тура, в створе с. Покровское",1,1,0,1,1,0,0,0,0,0,0,2017-04-20 00:00:00,2017-10-08 15:07:26
271,272,"р. Тура, в створе с. Покровское",0,1,0,0,0,0,0,0,0,0,0,2017-05-22 00:00:00,2017-10-08 15:07:53
272,273,"р. Тура, в створе с. Покровское",0,1,0,0,1,0,0,0,0,0,0,2017-06-20 00:00:00,2017-10-08 15:08:20
273,274,"р. Тура, в створе с. Покровское",0,1,0,0,1,0,0,0,0,0,0,2017-07-20 00:00:00,2017-10-08 15:08:41
274,275,"р. Ишим, в створе с. Ильинское",0,0,0,1,0,0,0,0,0,0,0,2017-01-20 00:00:00,2017-10-08 15:12:20
275,276,"р. Ишим, в створе с. Ильинское",0,0,0,1,0,0,0,0,0,0,0,2017-02-20 00:00:00,2017-10-08 15:12:54
276,277,"р. Ишим, в створе с. Ильинское",0,0,0,1,0,0,0,0,0,0,0,2017-03-20 00:00:00,2017-10-08 15:23:57
277,278,"р. Ишим, в створе с. Ильинское",0,1,0,1,0,0,0,0,0,0,0,2017-04-20 00:00:00,2017-10-08 15:24:21
278,279,"р. Ишим, в створе с. Ильинское",0,0,0,1,1,0,0,0,0,0,0,2017-05-22 00:00:00,2017-10-08 15:24:47
279,280,"р. Ишим, в створе с. Ильинское",0,0,0,0,1,0,0,0,0,0,0,2017-06-20 00:00:00,2017-10-08 15:25:10
280,281,"р. Ишим, в створе с. Ильинское",0,1,0,1,1,0,0,0,0,0,0,2017-07-20 00:00:00,2017-10-08 15:25:49
281,282,"р. Ишим, выше г. Ишима",0,1,0,1,0,0,0,0,0,0,0,2017-01-20 00:00:00,2017-10-08 16:28:51
282,283,"р. Ишим, выше г. Ишима",0,0,0,1,0,0,0,0,0,0,0,2017-02-20 00:00:00,2017-10-08 16:29:16
283,284,"р. Ишим, выше г. Ишима",0,0,0,1,0,0,0,0,0,0,0,2017-03-20 00:00:00,2017-10-08 16:29:40
284,285,"р. Ишим, выше г. Ишима",0,1,0,1,0,0,0,0,0,0,0,2017-04-20 00:00:00,2017-10-08 16:30:08
285,286,"р. Ишим, выше г. Ишима",0,1,0,0,1,0,0,0,0,0,0,2017-05-22 00:00:00,2017-10-08 16:30:41
286,287,"р. Ишим, выше г. Ишима",0,1,0,0,1,0,0,0,0,0,0,2017-06-20 00:00:00,2017-10-08 16:31:06
287,288,"р. Ишим, выше г. Ишима",0,1,0,0,1,0,0,0,0,0,0,2017-07-20 00:00:00,2017-10-08 16:31:30
288,289,"р. Ишим, ниже г. Ишима",0,1,0,1,0,0,0,0,0,0,0,2017-01-20 00:00:00,2017-10-08 16:59:58
289,290,"р. Ишим, ниже г. Ишима",0,0,0,1,0,0,0,0,0,0,0,2017-02-20 00:00:00,2017-10-08 17:01:21
290,291,"р. Ишим, ниже г. Ишима",0,0,0,1,0,0,0,0,0,0,0,2017-03-20 00:00:00,2017-10-08 17:02:51
291,292,"р. Ишим, ниже г. Ишима",0,1,0,1,0,0,0,0,0,0,0,2017-04-20 00:00:00,2017-10-08 17:03:16
292,293,"р. Ишим, ниже г. Ишима",0,1,0,0,1,0,0,0,0,0,0,2017-05-22 00:00:00,2017-10-08 17:03:41
293,294,"р. Ишим, ниже г. Ишима",0,0,0,1,1,0,0,0,0,0,0,2017-06-20 00:00:00,2017-10-08 17:04:03
294,295,"р. Ишим, ниже г. Ишима",0,1,0,0,1,0,0,0,0,0,0,2017-07-20 00:00:00,2017-10-08 17:05:17
295,296,"р. Ишим, в створе с. Абатское",0,1,0,1,0,0,0,0,0,0,0,2017-04-20 00:00:00,2017-10-08 17:06:25
296,297,"р. Ишим, в створе с. Абатское",0,1,0,0,0,0,0,0,0,0,0,2017-05-22 00:00:00,2017-10-08 17:06:50
297,298,"р. Ишим, в створе с. Абатское",0,0,0,0,1,0,0,0,0,0,0,2017-06-20 00:00:00,2017-10-08 17:07:40
298,299,"р. Ишим, в створе с. Абатское",0,1,0,0,1,0,0,0,0,0,0,2017-07-20 00:00:00,2017-10-08 17:08:06
299,300,"р. Тобол, в створе с. Коркино",1,1,0,0,0,0,0,0,0,0,0,2017-01-20 00:00:00,2017-11-08 11:24:18
300,301,"р. Тобол, в створе с. Коркино",0,1,0,0,0,0,0,0,0,0,0,2017-02-20 00:00:00,2017-11-08 11:24:41
301,302,"р. Тобол, в створе с. Коркино",0,0,0,0,1,0,0,0,0,0,0,2017-03-20 00:00:00,2017-11-08 11:25:07
302,303,"р. Тобол, в створе с. Коркино",1,1,0,0,1,0,0,0,0,0,0,2017-04-20 00:00:00,2017-11-08 11:25:43
303,304,"р. Тобол, в створе с. Коркино",0,1,0,1,1,0,0,0,0,0,0,2017-05-22 00:00:00,2017-11-08 11:26:25
304,305,"р. Тобол, в створе с. Коркино",0,1,0,0,0,0,0,0,0,0,0,2017-06-20 00:00:00,2017-11-08 11:26:51
305,306,"р. Тобол, в створе с. Коркино",0,0,0,0,1,0,0,0,0,0,0,2017-07-20 00:00:00,2017-11-08 11:27:27
306,307,"р. Тобол, выше г. Ялуторовска",1,0,0,1,1,0,0,0,0,0,0,2017-01-20 00:00:00,2017-11-08 11:28:38
307,308,"р. Тобол, выше г. Ялуторовска",1,1,0,0,0,0,0,0,0,0,0,2017-02-20 00:00:00,2017-11-08 11:29:05
308,309,"р. Тобол, выше г. Ялуторовска",1,1,0,1,0,0,0,0,0,0,0,2017-03-20 00:00:00,2017-11-08 11:29:34
309,310,"р. Тобол, выше г. Ялуторовска",1,1,0,1,0,0,0,0,0,0,0,2017-04-20 00:00:00,2017-11-08 11:30:28
310,311,"р. Тобол, выше г. Ялуторовска",0,1,0,0,0,0,0,0,0,0,0,2017-05-22 00:00:00,2017-11-08 11:30:51
311,312,"р. Тобол, выше г. Ялуторовска",0,1,0,0,0,0,0,0,0,0,0,2017-06-20 00:00:00,2017-11-08 11:31:15
312,313,"р. Тобол, выше г. Ялуторовска",0,1,0,0,1,0,0,0,0,0,0,2017-07-20 00:00:00,2017-11-08 11:31:39
313,314,"р. Тобол, ниже г. Ялуторовска",1,0,0,1,1,0,0,0,0,0,0,2017-01-20 00:00:00,2017-11-08 11:51:42
314,315,"р. Тобол, ниже г. Ялуторовска",1,1,0,0,0,0,0,0,0,0,0,2017-02-20 00:00:00,2017-11-08 11:52:43
315,316,"р. Тобол, ниже г. Ялуторовска",1,1,0,1,0,0,0,0,0,0,0,2017-03-20 00:00:00,2017-11-08 11:53:44
316,317,"р. Тобол, ниже г. Ялуторовска",1,1,0,1,0,0,0,0,0,0,0,2017-04-20 00:00:00,2017-11-08 11:54:09
317,318,"р. Тобол, ниже г. Ялуторовска",0,1,0,0,0,0,0,0,0,0,0,2017-05-22 00:00:00,2017-11-08 11:54:41
318,319,"р. Тобол, ниже г. Ялуторовска",0,1,0,0,0,0,0,0,0,0,0,2017-06-20 00:00:00,2017-11-08 11:55:27
319,320,"р. Тобол, ниже г. Ялуторовска",0,1,0,0,1,0,0,0,0,0,0,2017-07-20 00:00:00,2017-11-08 11:55:56
320,321,"р. Тобол, в створе с. Иевлево",1,1,0,1,0,0,0,0,0,0,0,2017-04-20 00:00:00,2017-11-08 11:57:01
321,322,"р. Тобол, в створе с. Иевлево",0,0,0,0,0,0,0,0,0,0,0,2017-05-22 00:00:00,2017-11-08 11:58:15
322,323,"р. Тобол, в створе с. Иевлево",0,1,0,0,1,0,0,0,0,0,0,2017-06-20 00:00:00,2017-11-08 11:58:39
323,324,"р. Тобол, в створе с. Иевлево",0,1,0,0,1,0,0,0,0,0,0,2017-07-20 00:00:00,2017-11-08 11:58:59
324,325,"р. Тура, в створе с. Салаирка",1,1,0,0,0,0,0,0,0,0,0,2017-08-21 00:00:00,2017-07-09 11:58:34
325,326,"р. Тура, выше г. Тюмени",1,1,0,0,0,0,0,0,0,0,0,2017-08-21 00:00:00,2017-07-09 11:59:01
326,327,"р. Тура, ниже г. Тюмени",1,1,0,0,0,0,0,0,0,0,0,2017-08-21 00:00:00,2017-07-09 11:59:23
327,328,"р. Тура, в створе с. Покровское",0,1,0,0,1,0,0,0,0,0,0,2017-08-21 00:00:00,2017-07-09 12:00:16
328,329,"р. Ишим, в створе с. Ильинское",1,1,0,0,1,0,0,0,0,0,0,2017-08-21 00:00:00,2017-07-09 12:00:53
329,330,"р. Ишим, выше г. Ишима",0,1,0,0,1,0,0,0,0,0,0,2017-08-21 00:00:00,2017-07-09 12:01:25
330,331,"р. Ишим, ниже г. Ишима",0,1,0,0,1,0,0,0,0,0,0,2017-08-21 00:00:00,2017-07-09 12:01:56
331,332,"р. Ишим, в створе с. Абатское",1,1,0,1,1,0,0,0,0,0,0,2017-08-21 00:00:00,2017-07-09 12:02:35
332,333,"р. Тобол, в створе с. Коркино",1,1,0,0,1,0,0,0,0,0,0,2017-08-21 00:00:00,2017-07-09 12:03:10
333,334,"р. Тобол, выше г. Ялуторовска",1,1,0,1,1,0,0,0,0,0,0,2017-08-21 00:00:00,2017-07-09 12:03:46
334,335,"р. Тобол, ниже г. Ялуторовска",1,1,0,1,1,0,0,0,0,0,0,2017-08-21 00:00:00,2017-07-09 12:04:12
335,336,"р. Тобол, в створе с. Иевлево",1,1,0,1,1,0,0,0,0,0,0,2017-08-21 00:00:00,2017-07-09 12:04:42
336,337,"р. Тура, в створе с. Салаирка",0,1,0,0,0,0,0,0,0,0,0,2017-12-20 00:00:00,2018-11-01 16:59:08
337,338,"р. Тура, в створе с. Салаирка",0,1,0,1,0,0,0,0,0,0,0,2017-09-20 00:00:00,2018-11-01 17:01:44
338,339,"р. Тура, в створе с. Салаирка",0,0,0,1,0,0,0,0,0,0,0,2017-10-20 00:00:00,2018-11-01 17:02:40
339,340,"р. Тура, в створе с. Салаирка",0,1,0,0,0,0,0,0,0,0,0,2017-11-20 00:00:00,2018-11-01 17:03:15
340,341,"р. Тура, выше г. Тюмени",0,1,0,1,0,0,0,0,0,0,0,2017-09-20 00:00:00,2018-11-01 17:04:18
341,342,"р. Тура, выше г. Тюмени",0,0,0,1,1,0,0,0,0,0,0,2017-10-20 00:00:00,2018-11-01 17:04:51
342,343,"р. Тура, выше г. Тюмени",0,1,0,0,0,0,0,0,0,0,0,2017-11-20 00:00:00,2018-11-01 17:06:33
343,344,"р. Тура, выше г. Тюмени",1,1,0,0,0,0,0,0,0,0,0,2017-12-20 00:00:00,2018-11-01 17:07:36
344,345,"р. Тура, ниже г. Тюмени",0,1,0,1,0,0,0,0,0,0,0,2017-09-20 00:00:00,2018-11-01 17:09:49
345,346,"р. Тура, ниже г. Тюмени",0,1,0,1,1,0,0,0,0,0,0,2017-10-20 00:00:00,2018-11-01 17:10:33
346,347,"р. Тура, ниже г. Тюмени",0,1,0,0,0,0,0,0,0,0,0,2017-11-20 00:00:00,2018-11-01 17:11:14
347,348,"р. Тура, ниже г. Тюмени",1,1,0,0,0,0,0,0,0,0,0,2017-12-20 00:00:00,2018-11-01 17:13:04
348,349,"р. Тура, в створе с. Покровское",0,0,0,0,0,0,0,0,0,0,0,2017-10-20 00:00:00,2018-11-01 17:29:41
349,350,"р. Ишим, в створе с. Ильинское",1,0,0,1,0,0,0,0,0,0,0,2017-09-20 00:00:00,2018-12-01 16:01:41
350,351,"р. Ишим, в створе с. Ильинское",0,0,0,0,1,0,0,0,0,0,0,2017-10-20 00:00:00,2018-12-01 16:02:13
351,352,"р. Ишим, в створе с. Ильинское",0,0,0,1,1,0,0,0,0,0,0,2017-11-20 00:00:00,2018-12-01 16:02:43
352,353,"р. Ишим, в створе с. Ильинское",0,0,0,1,0,0,0,0,0,0,0,2017-12-20 00:00:00,2018-12-01 16:03:11
353,354,"р. Ишим, выше г. Ишима",0,0,0,0,1,0,0,0,0,0,0,2017-09-20 00:00:00,2018-12-01 16:03:52
354,355,"р. Ишим, выше г. Ишима",0,0,0,0,0,0,0,0,0,0,0,2017-10-20 00:00:00,2018-12-01 16:04:22
355,356,"р. Ишим, выше г. Ишима",0,0,0,0,0,0,0,0,0,0,0,2017-11-20 00:00:00,2018-12-01 16:04:50
356,357,"р. Ишим, выше г. Ишима",0,0,0,1,0,0,0,0,0,0,0,2017-12-20 00:00:00,2018-12-01 16:05:23
357,358,"р. Ишим, ниже г. Ишима",0,1,0,0,1,0,0,0,0,0,0,2017-09-20 00:00:00,2018-12-01 16:06:05
358,359,"р. Ишим, ниже г. Ишима",0,0,0,0,1,0,0,0,0,0,0,2017-10-20 00:00:00,2018-12-01 16:06:44
359,360,"р. Ишим, ниже г. Ишима",0,0,0,0,1,0,0,0,0,0,0,2017-11-20 00:00:00,2018-12-01 16:07:16
360,361,"р. Ишим, ниже г. Ишима",0,0,0,0,1,0,0,0,0,0,0,2017-12-20 00:00:00,2018-12-01 16:10:03
361,362,"р. Ишим, в створе с. Абатское",0,0,0,1,1,0,0,0,0,0,0,2017-10-20 00:00:00,2018-12-01 16:10:46
362,363,"р. Тобол, в створе с. Коркино",0,1,0,0,0,0,0,0,0,0,0,2017-09-20 00:00:00,2018-12-01 16:11:54
363,364,"р. Тобол, в створе с. Коркино",0,0,0,0,1,0,0,0,0,0,0,2017-10-20 00:00:00,2018-12-01 16:12:24
364,365,"р. Тобол, в створе с. Коркино",0,0,0,0,1,0,0,0,0,0,0,2017-11-20 00:00:00,2018-12-01 16:12:54
365,366,"р. Тобол, в створе с. Коркино",0,0,0,0,1,0,0,0,0,0,0,2017-12-20 00:00:00,2018-12-01 16:13:18
366,367,"р. Тобол, выше г. Ялуторовска",1,1,0,0,1,0,0,0,0,0,0,2017-09-20 00:00:00,2018-12-01 16:14:10
367,368,"р. Тобол, выше г. Ялуторовска",0,0,0,1,1,0,0,0,0,0,0,2017-10-20 00:00:00,2018-12-01 16:14:54
368,369,"р. Тобол, выше г. Ялуторовска",1,0,0,0,1,0,0,0,0,0,0,2017-11-20 00:00:00,2018-12-01 16:15:29
369,370,"р. Тобол, выше г. Ялуторовска",1,0,0,1,1,0,0,0,0,0,0,2017-12-20 00:00:00,2018-12-01 16:16:00
370,371,"р. Тобол, ниже г. Ялуторовска",1,1,0,0,1,0,0,0,0,0,0,2017-09-20 00:00:00,2018-12-01 16:16:40
371,372,"р. Тобол, ниже г. Ялуторовска",0,0,0,0,1,0,0,0,0,0,0,2017-10-20 00:00:00,2018-12-01 16:17:08
372,373,"р. Тобол, ниже г. Ялуторовска",1,0,0,0,1,0,0,0,0,0,0,2017-11-20 00:00:00,2018-12-01 16:17:49
373,374,"р. Тобол, ниже г. Ялуторовска",1,0,0,1,1,0,0,0,0,0,0,2017-12-20 00:00:00,2018-12-01 16:18:26
374,375,"р. Тобол, в створе с. Иевлево",0,0,0,0,0,0,0,0,0,0,0,2017-10-20 00:00:00,2018-12-01 16:19:22
375,376,"р. Тура, в створе с. Салаирка",1,1,0,0,0,0,0,0,0,0,0,2018-01-19 00:00:00,2018-02-15 11:16:54
376,377,"р. Тура, выше г. Тюмени",1,1,0,0,0,0,0,0,0,0,0,2018-01-19 00:00:00,2018-02-15 11:17:30
377,378,"р. Тура, ниже г. Тюмени",1,1,0,0,0,0,0,0,0,0,0,2018-01-19 00:00:00,2018-02-15 11:17:52
378,379,"р. Ишим, в створе с. Ильинское",0,0,0,1,0,0,0,0,0,0,0,2018-01-19 00:00:00,2018-02-15 11:18:46
379,380,"р. Ишим, выше г. Ишима",0,0,0,1,0,0,0,0,0,0,0,2018-01-19 00:00:00,2018-02-15 11:19:17
380,381,"р. Ишим, ниже г. Ишима",0,0,0,1,0,0,0,0,0,0,0,2018-01-19 00:00:00,2018-02-15 11:19:39
381,382,"р. Тобол, в створе с. Коркино",0,0,0,1,0,0,0,0,0,0,0,2018-01-19 00:00:00,2018-02-15 11:20:17
382,383,"р. Тобол, выше г. Ялуторовска",1,1,0,1,1,0,0,0,0,0,0,2018-01-19 00:00:00,2018-02-15 11:21:02
383,384,"р. Тобол, ниже г. Ялуторовска",1,1,0,1,1,0,0,0,0,0,0,2018-01-19 00:00:00,2018-02-15 11:21:36
384,385,"р. Тура, в створе с. Салаирка",1,1,0,1,0,0,0,0,0,0,0,2018-02-20 00:00:00,2018-03-29 11:13:09
385,386,"р. Тура, выше г. Тюмени",1,1,0,1,0,0,0,0,0,0,0,2018-02-20 00:00:00,2018-03-29 11:13:47
386,387,"р. Тура, ниже г. Тюмени",1,1,0,1,0,0,0,0,0,0,0,2018-02-20 00:00:00,2018-03-29 11:14:17
387,388,"р. Тура, в створе с. Покровское",0,1,0,0,1,0,0,0,0,0,0,2018-02-20 00:00:00,2018-03-29 11:14:58
388,389,"р. Ишим, в створе с. Ильинское",0,0,0,1,1,0,0,0,0,0,0,2018-02-20 00:00:00,2018-03-29 11:15:34
389,390,"р. Ишим, выше г. Ишима",0,0,0,1,1,0,0,0,0,0,0,2018-02-20 00:00:00,2018-03-29 11:16:25
390,391,"р. Ишим, ниже г. Ишима",0,0,0,1,0,0,0,0,0,0,0,2018-02-20 00:00:00,2018-03-29 11:16:59
391,392,"р. Ишим, в створе с. Абатское",0,0,0,0,1,0,0,0,0,0,0,2018-02-20 00:00:00,2018-03-29 11:17:35
392,393,"р. Тобол, в створе с. Коркино",0,1,0,0,1,0,0,0,0,0,0,2018-02-20 00:00:00,2018-03-29 11:18:13
393,394,"р. Тобол, выше г. Ялуторовска",1,1,0,0,0,0,0,0,0,0,0,2018-02-20 00:00:00,2018-03-29 11:18:58
394,395,"р. Тобол, ниже г. Ялуторовска",1,1,0,0,0,0,0,0,0,0,0,2018-02-20 00:00:00,2018-03-29 11:20:16
395,396,"р. Тура, в створе с. Салаирка",1,1,0,0,1,0,0,0,0,0,0,2018-03-20 00:00:00,2018-04-25 10:15:08
396,397,"р. Тура, выше г. Тюмени",1,1,0,0,1,0,0,0,0,0,0,2018-03-20 00:00:00,2018-04-25 10:15:55
397,398,"р. Тура, ниже г. Тюмени",1,1,0,0,1,0,0,0,0,0,0,2018-03-20 00:00:00,2018-04-25 10:16:26
398,399,"р. Ишим, в створе с. Ильинское",0,0,0,1,1,1,0,0,0,0,0,2018-03-20 00:00:00,2018-04-25 10:17:22
399,400,"р. Ишим, выше г. Ишима",0,0,0,1,1,1,0,0,0,0,0,2018-03-20 00:00:00,2018-04-25 10:18:18
400,401,"р. Ишим, ниже г. Ишима",0,1,0,1,0,0,0,0,0,0,0,2018-03-20 00:00:00,2018-04-25 10:19:53
401,402,"р. Тобол, в створе с. Коркино",1,1,0,0,1,0,0,0,0,0,0,2018-03-20 00:00:00,2018-04-25 10:20:37
402,403,"р. Тобол, выше г. Ялуторовска",1,1,0,1,1,0,0,0,0,0,0,2018-03-20 00:00:00,2018-04-25 10:21:30
403,404,"р. Тобол, ниже г. Ялуторовска",1,1,0,1,1,0,0,0,0,0,0,2018-03-20 00:00:00,2018-04-25 10:22:13
404,405,"р. Тура, в створе с. Салаирка",1,1,0,0,1,0,0,0,0,0,0,2018-04-20 00:00:00,2018-06-25 12:03:02
405,406,"р. Тура, выше г. Тюмени",1,1,0,1,0,0,0,0,0,0,0,2018-04-20 00:00:00,2018-06-25 12:03:45
406,407,"р. Тура, ниже г. Тюмени",1,1,0,1,0,0,0,0,0,0,0,2018-04-20 00:00:00,2018-06-25 12:04:27
407,408,"р. Ишим, в створе с. Ильинское",0,1,0,0,1,1,0,0,0,0,0,2018-04-20 00:00:00,2018-06-25 12:06:02
408,409,"р. Ишим, выше г. Ишима",0,1,0,0,1,1,0,0,0,0,0,2018-04-20 00:00:00,2018-06-25 12:06:47
409,410,"р. Ишим, ниже г. Ишима",0,1,0,0,1,1,0,0,0,0,0,2018-04-20 00:00:00,2018-06-25 12:07:22
410,411,"р. Тобол, в створе с. Коркино",0,1,0,0,0,1,0,0,0,0,0,2018-04-20 00:00:00,2018-06-25 12:08:19
411,412,"р. Тобол, выше г. Ялуторовска",1,1,0,0,1,1,0,0,0,0,0,2018-04-20 00:00:00,2018-06-25 12:09:02
412,413,"р. Тобол, ниже г. Ялуторовска",1,1,0,0,1,1,0,0,0,0,0,2018-04-20 00:00:00,2018-06-25 12:09:41
413,414,"р. Тобол, в створе с. Иевлево",1,1,0,1,1,1,0,0,0,0,0,2018-04-20 00:00:00,2018-06-25 12:11:10
414,415,"р. Тура, в створе с. Салаирка",0,1,0,0,0,1,0,0,0,0,0,2018-05-21 00:00:00,2018-07-13 14:39:52
415,416,"р. Тура, выше г. Тюмени",0,1,0,1,0,1,0,0,0,0,0,2018-05-21 00:00:00,2018-07-13 14:41:11
416,417,"р. Тура, ниже г. Тюмени",0,1,0,1,0,0,0,0,0,0,0,2018-05-21 00:00:00,2018-07-13 14:41:50
417,418,"р. Тура, в створе с. Покровское",0,0,0,0,0,1,0,0,0,0,0,2018-05-21 00:00:00,2018-07-13 14:42:41
418,419,"р. Ишим, в створе с. Ильинское",0,0,0,0,1,1,0,0,0,0,0,2018-05-21 00:00:00,2018-07-13 14:43:18
419,420,"р. Тура, в створе с. Салаирка",0,1,0,1,1,1,0,0,0,0,0,2018-06-20 00:00:00,2018-07-13 14:44:37
420,421,"р. Тура, выше г. Тюмени",0,0,0,1,1,1,0,0,0,0,0,2018-06-20 00:00:00,2018-07-13 14:45:13
421,422,"р. Тура, ниже г. Тюмени",0,0,0,1,1,1,0,0,0,0,0,2018-06-20 00:00:00,2018-07-13 14:45:50
422,423,"р. Тура, в створе с. Покровское",0,0,0,0,1,1,0,0,0,0,0,2018-06-20 00:00:00,2018-07-13 14:46:34
423,424,"р. Ишим, в створе с. Ильинское",0,0,0,1,1,1,0,0,0,0,0,2018-06-20 00:00:00,2018-07-13 14:47:23
424,425,"р. Ишим, выше г. Ишима",0,0,0,0,1,1,0,0,0,0,0,2018-05-21 00:00:00,2018-07-13 14:48:00
425,426,"р. Ишим, выше г. Ишима",0,0,0,1,0,1,0,0,0,0,0,2018-06-20 00:00:00,2018-07-13 14:48:35
426,427,"р. Ишим, ниже г. Ишима",0,0,0,0,1,1,0,0,0,0,0,2018-05-21 00:00:00,2018-07-13 14:49:21
427,428,"р. Ишим, ниже г. Ишима",0,0,0,1,1,1,0,0,0,0,0,2018-06-20 00:00:00,2018-07-13 14:50:00
428,429,"р. Ишим, в створе с. Абатское",0,0,0,0,0,1,0,0,0,0,0,2018-05-21 00:00:00,2018-07-13 14:51:04
429,430,"р. Ишим, в створе с. Абатское",0,0,0,1,1,1,0,0,0,0,0,2018-06-20 00:00:00,2018-07-13 14:51:56
430,431,"р. Тобол, в створе с. Коркино",0,0,0,0,1,1,0,0,0,0,0,2018-05-21 00:00:00,2018-07-13 14:52:54
431,432,"р. Тобол, в створе с. Коркино",0,0,0,1,1,1,0,0,0,0,0,2018-06-20 00:00:00,2018-04-09 15:10:43
432,433,"р. Тобол, выше г. Ялуторовска",0,0,0,1,1,1,0,0,0,0,0,2018-05-21 00:00:00,2018-07-13 14:54:45
433,434,"р. Тобол, ниже г. Ялуторовска",1,0,0,1,1,1,0,0,0,0,0,2018-05-21 00:00:00,2018-07-13 14:57:30
434,435,"р. Тобол, ниже г. Ялуторовска",1,0,0,0,1,1,0,0,0,0,0,2018-06-20 00:00:00,2018-04-09 15:10:53
435,436,"р. Тобол, выше г. Ялуторовска",1,0,0,0,1,1,0,0,0,0,0,2018-06-20 00:00:00,2018-07-13 15:01:01
436,437,"р. Тобол, в створе с. Иевлево",0,0,0,0,1,1,0,0,0,0,0,2018-05-21 00:00:00,2018-07-13 15:01:45
437,438,"р. Тобол, в створе с. Иевлево",0,1,0,0,1,1,0,0,0,0,0,2018-06-20 00:00:00,2018-07-13 15:02:17
438,439,"р. Тура, в створе с. Салаирка",0,1,0,0,1,1,0,0,0,0,0,2018-07-20 00:00:00,2018-04-09 15:01:15
439,440,"р. Тура, выше г. Тюмени",0,1,0,0,1,1,0,0,0,0,0,2018-07-20 00:00:00,2018-04-09 15:01:58
440,441,"р. Тура, ниже г. Тюмени",0,1,0,0,1,1,0,0,0,0,0,2018-07-20 00:00:00,2018-04-09 15:02:21
441,442,"р. Тура, в створе с. Покровское",0,0,0,0,0,1,0,0,0,0,0,2018-07-20 00:00:00,2018-04-09 15:03:00
442,443,"р. Ишим, в створе с. Ильинское",0,0,0,0,1,0,0,0,0,0,0,2018-07-20 00:00:00,2018-04-09 15:04:04
443,444,"р. Ишим, выше г. Ишима",0,0,0,0,0,0,0,0,0,0,0,2018-07-20 00:00:00,2018-04-09 15:04:39
444,445,"р. Ишим, ниже г. Ишима",0,0,0,0,1,1,0,0,0,0,0,2018-07-20 00:00:00,2018-04-09 15:05:10
445,446,"р. Ишим, в створе с. Абатское",0,0,0,0,1,1,0,0,0,0,0,2018-07-20 00:00:00,2018-04-09 15:08:49
446,447,"р. Тобол, в створе с. Коркино",0,0,0,0,1,1,0,0,0,0,0,2018-07-20 00:00:00,2018-04-09 15:09:25
447,448,"р. Тобол, выше г. Ялуторовска",1,0,0,0,1,1,0,0,0,0,0,2018-07-20 00:00:00,2018-04-09 15:11:34
448,449,"р. Тобол, ниже г. Ялуторовска",1,0,0,0,1,1,0,0,0,0,0,2018-07-20 00:00:00,2018-04-09 15:12:18
449,450,"р. Тобол, в створе с. Иевлево",0,1,0,0,0,1,0,0,0,0,0,2018-07-20 00:00:00,2018-04-09 15:12:50
450,451,"р. Тура, в створе с. Салаирка",0,1,0,0,0,1,0,0,0,0,0,2018-08-20 00:00:00,2018-08-11 12:02:55
451,452,"р. Тура, выше г. Тюмени",0,1,0,0,0,1,0,0,0,0,0,2018-08-20 00:00:00,2018-08-11 12:03:49
452,453,"р. Тура, ниже г. Тюмени",0,1,0,0,0,1,0,0,0,0,0,2018-08-20 00:00:00,2018-08-11 12:06:27
453,454,"р. Тура, в створе с. Покровское",1,0,0,0,0,0,0,0,0,0,0,2018-08-20 00:00:00,2018-08-11 12:08:12
454,455,"р. Ишим, в створе с. Ильинское",0,0,0,0,1,0,0,0,0,0,0,2018-08-20 00:00:00,2018-08-11 12:08:58
455,456,"р. Ишим, выше г. Ишима",0,1,0,0,1,1,0,0,0,0,0,2018-08-20 00:00:00,2018-08-11 12:09:43
456,457,"р. Ишим, ниже г. Ишима",0,1,0,0,1,1,0,0,0,0,0,2018-08-20 00:00:00,2018-08-11 12:10:22
457,458,"р. Ишим, в створе с. Абатское",0,0,0,0,0,1,0,0,0,0,0,2018-08-20 00:00:00,2018-08-11 12:10:54
458,459,"р. Тобол, в створе с. Коркино",0,0,0,0,0,1,0,0,0,0,0,2018-08-20 00:00:00,2018-08-11 12:11:23
459,460,"р. Тобол, выше г. Ялуторовска",1,0,0,0,1,1,0,0,0,0,0,2018-08-20 00:00:00,2018-08-11 12:12:13
460,461,"р. Тобол, ниже г. Ялуторовска",0,0,0,0,0,1,0,0,0,0,0,2018-08-20 00:00:00,2018-08-11 12:12:48
461,462,"р. Тобол, в створе с. Иевлево",0,0,0,0,0,0,0,0,0,0,0,2018-08-20 00:00:00,2018-08-11 12:13:24
462,463,"р. Тура, в створе с. Салаирка",0,1,0,1,0,1,0,0,0,0,0,2018-09-20 00:00:00,2018-08-11 12:14:07
463,464,"р. Тура, выше г. Тюмени",0,1,0,0,0,1,0,0,0,0,0,2018-09-20 00:00:00,2018-08-11 12:14:49
464,465,"р. Тура, ниже г. Тюмени",0,1,0,0,0,1,0,0,0,0,0,2018-09-20 00:00:00,2018-08-11 12:15:18
465,466,"р. Ишим, в створе с. Ильинское",0,0,0,0,0,0,0,0,0,0,0,2018-09-20 00:00:00,2018-08-11 12:15:56
466,467,"р. Ишим, выше г. Ишима",0,0,0,0,0,1,0,0,0,0,0,2018-09-20 00:00:00,2018-08-11 12:16:51
467,468,"р. Ишим, ниже г. Ишима",0,0,0,0,0,1,0,0,0,0,0,2018-09-20 00:00:00,2018-08-11 12:17:28
468,469,"р. Тобол, в створе с. Коркино",0,1,0,0,0,1,0,0,0,0,0,2018-09-20 00:00:00,2018-08-11 12:18:07
469,470,"р. Тобол, выше г. Ялуторовска",0,0,0,0,0,1,0,0,0,0,0,2018-09-20 00:00:00,2018-08-11 12:18:41
470,471,"р. Тобол, ниже г. Ялуторовска",0,0,0,0,0,1,0,0,0,0,0,2018-09-20 00:00:00,2018-08-11 12:19:21
471,472,"р. Тура, в створе с. Салаирка",0,0,0,0,0,1,0,0,0,0,0,2018-10-19 00:00:00,2019-01-23 15:06:24
472,473,"р. Тура, выше г. Тюмени",0,0,0,0,0,1,0,0,0,0,0,2018-10-19 00:00:00,2019-01-23 15:07:08
473,474,"р. Тура, ниже г. Тюмени",0,1,0,0,0,1,0,0,0,0,0,2018-10-19 00:00:00,2019-01-23 15:07:42
474,475,"р. Ишим, в створе с. Ильинское",0,0,0,0,0,0,0,0,0,0,0,2018-10-19 00:00:00,2019-01-23 15:08:38
475,476,"р. Ишим, выше г. Ишима",0,0,0,0,0,1,0,0,0,0,0,2018-10-19 00:00:00,2019-01-23 15:09:13
476,477,"р. Ишим, ниже г. Ишима",0,0,0,0,0,1,0,0,0,0,0,2018-10-19 00:00:00,2019-01-23 15:09:41
477,478,"р. Тобол, в створе с. Коркино",1,0,0,0,0,1,0,0,0,0,0,2018-10-19 00:00:00,2019-01-23 15:10:34
478,479,"р. Тобол, выше г. Ялуторовска",0,0,0,0,0,1,0,0,0,0,0,2018-10-19 00:00:00,2019-01-23 15:11:21
479,480,"р. Тобол, ниже г. Ялуторовска",0,0,0,0,0,1,0,0,0,0,0,2018-10-19 00:00:00,2019-01-23 15:11:55
480,481,"р. Тура, в створе с. Салаирка",0,1,0,0,0,0,0,0,0,0,0,2018-11-19 00:00:00,2019-01-23 15:15:15
481,482,"р. Тура, выше г. Тюмени",0,1,0,0,0,0,0,0,0,0,0,2018-11-19 00:00:00,2019-01-23 15:15:52
482,483,"р. Тура, ниже г. Тюмени",1,1,0,0,0,0,0,0,0,0,0,2018-11-19 00:00:00,2019-01-23 15:16:29
483,484,"р. Ишим, в створе с. Ильинское",0,0,0,1,1,0,0,0,0,0,0,2018-11-19 00:00:00,2019-01-23 15:21:40
484,485,"р. Ишим, выше г. Ишима",0,0,0,1,1,0,0,0,0,0,0,2018-11-19 00:00:00,2019-01-23 15:23:55
485,486,"р. Ишим, ниже г. Ишима",0,0,0,0,1,0,0,0,0,0,0,2018-11-19 00:00:00,2019-01-23 15:24:28
486,487,"р. Тобол, в створе с. Коркино",0,0,0,0,1,0,0,0,0,0,0,2018-11-19 00:00:00,2019-01-23 15:26:01
487,488,"р. Тобол, выше г. Ялуторовска",1,0,0,0,1,0,0,0,0,0,0,2018-11-19 00:00:00,2019-01-23 15:26:38
488,489,"р. Тобол, ниже г. Ялуторовска",1,0,0,0,1,0,0,0,0,0,0,2018-11-19 00:00:00,2019-01-23 15:27:14
489,490,"р. Тура, в створе с. Салаирка",0,1,0,0,1,0,0,0,0,0,0,2018-12-20 00:00:00,2019-03-18 10:24:31
490,491,"р. Тура, в створе с. Салаирка",1,1,0,1,0,1,0,0,0,0,0,2019-01-21 00:00:00,2019-03-18 10:25:22
491,492,"р. Тура, в створе с. Салаирка",1,1,0,1,1,1,0,0,0,0,0,2019-02-20 00:00:00,2019-03-18 10:26:09
492,493,"р. Тура, выше г. Тюмени",0,1,0,0,0,0,0,0,0,0,0,2018-12-20 00:00:00,2019-03-18 10:27:03
493,494,"р. Тура, выше г. Тюмени",1,1,0,0,1,1,0,0,0,0,0,2019-01-21 00:00:00,2019-03-18 10:27:47
494,495,"р. Тура, выше г. Тюмени",1,1,0,1,1,1,0,0,0,0,0,2019-02-20 00:00:00,2019-03-18 10:28:27
495,496,"р. Тура, ниже г. Тюмени",0,1,0,0,0,0,0,0,0,0,0,2018-12-20 00:00:00,2019-03-18 10:29:08
496,497,"р. Тура, ниже г. Тюмени",1,1,0,0,1,1,0,0,0,0,0,2019-01-21 00:00:00,2019-03-18 10:31:26
497,498,"р. Тура, ниже г. Тюмени",1,1,0,0,1,1,0,0,0,0,0,2019-02-20 00:00:00,2019-03-18 10:54:31
498,499,"р. Тура, в створе с. Покровское",1,1,0,1,1,1,0,0,0,0,0,2019-02-20 00:00:00,2019-03-18 11:08:39
499,500,"р. Ишим, в створе с. Ильинское",0,0,0,0,0,1,0,0,0,0,0,2018-12-20 00:00:00,2019-03-18 11:09:36
500,501,"р. Ишим, в створе с. Ильинское",0,0,0,0,1,1,0,0,0,0,0,2019-01-21 00:00:00,2019-03-18 11:10:09
501,502,"р. Ишим, в створе с. Ильинское",0,0,0,1,1,1,0,0,0,0,0,2019-02-20 00:00:00,2019-03-18 11:10:38
502,503,"р. Ишим, выше г. Ишима",0,1,0,0,0,1,0,0,0,0,0,2018-12-20 00:00:00,2019-03-18 11:11:18
503,504,"р. Ишим, выше г. Ишима",0,1,0,0,0,1,0,0,0,0,0,2019-01-21 00:00:00,2019-03-18 11:11:46
504,505,"р. Ишим, выше г. Ишима",0,0,0,0,1,1,0,0,0,0,0,2019-02-20 00:00:00,2019-03-18 11:12:16
505,506,"р. Ишим, ниже г. Ишима",0,0,0,0,1,1,0,0,0,0,0,2018-12-20 00:00:00,2019-03-18 11:12:57
506,507,"р. Ишим, ниже г. Ишима",0,1,0,0,0,1,0,0,0,0,0,2019-01-21 00:00:00,2019-03-18 11:13:25
507,508,"р. Ишим, ниже г. Ишима",0,0,0,0,1,1,0,0,0,0,0,2019-02-20 00:00:00,2019-03-18 11:14:02
508,509,"р. Ишим, в створе с. Абатское",0,1,0,0,1,1,0,0,0,0,0,2019-02-20 00:00:00,2019-03-18 11:19:23
509,510,"р. Тобол, в створе с. Коркино",0,1,0,0,0,1,0,0,0,0,0,2018-12-20 00:00:00,2019-03-18 11:20:06
510,511,"р. Тобол, в створе с. Коркино",1,1,0,0,0,1,0,0,0,0,0,2019-01-21 00:00:00,2019-03-18 11:20:46
511,512,"р. Тобол, в створе с. Коркино",1,1,0,0,1,1,0,0,0,0,0,2019-02-20 00:00:00,2019-03-18 11:21:21
512,513,"р. Тобол, выше г. Ялуторовска",0,1,0,0,0,1,0,0,0,0,0,2018-12-20 00:00:00,2019-03-18 11:21:57
513,514,"р. Тобол, выше г. Ялуторовска",1,1,0,0,0,1,0,0,0,0,0,2019-01-21 00:00:00,2019-03-18 11:22:29
514,515,"р. Тобол, выше г. Ялуторовска",1,0,0,1,1,1,0,0,0,0,0,2019-02-20 00:00:00,2019-03-18 11:23:02
515,516,"р. Тобол, ниже г. Ялуторовска",1,1,0,0,0,1,0,0,0,0,0,2018-12-20 00:00:00,2019-03-18 11:23:39
516,517,"р. Тобол, ниже г. Ялуторовска",1,1,0,0,0,1,0,0,0,0,0,2019-01-21 00:00:00,2019-03-18 11:24:19
517,518,"р. Тобол, ниже г. Ялуторовска",1,0,0,1,1,1,0,0,0,0,0,2019-02-20 00:00:00,2019-03-18 11:24:47
518,519,"р. Тура, в створе с. Салаирка",1,1,0,1,1,1,0,0,0,0,0,2019-03-20 00:00:00,2019-04-19 16:07:21
519,520,"р. Тура, выше г. Тюмени",1,1,0,1,1,1,0,0,0,0,0,2019-03-20 00:00:00,2019-04-19 16:09:52
520,521,"р. Тура, ниже г. Тюмени",1,0,0,1,0,1,0,0,0,0,0,2019-03-20 00:00:00,2019-04-19 16:10:32
521,522,"р. Ишим, в створе с. Ильинское",0,0,0,0,1,1,0,0,0,0,0,2019-03-20 00:00:00,2019-04-19 16:11:07
522,523,"р. Ишим, выше г. Ишима",0,0,0,1,1,1,0,0,0,0,0,2019-03-20 00:00:00,2019-04-19 16:11:41
523,524,"р. Ишим, ниже г. Ишима",0,1,0,1,1,1,0,0,0,0,0,2019-03-20 00:00:00,2019-04-19 16:12:26
524,525,"р. Тобол, в створе с. Коркино",1,1,0,0,1,1,0,0,0,0,0,2019-03-20 00:00:00,2019-04-19 16:13:30
525,526,"р. Тобол, выше г. Ялуторовска",1,1,0,1,1,1,0,0,0,0,0,2019-03-20 00:00:00,2019-04-19 16:15:31
526,527,"р. Тобол, ниже г. Ялуторовска",1,1,0,1,1,1,0,0,0,0,0,2019-03-20 00:00:00,2019-04-19 16:15:59
527,528,"р. Тура, в створе с. Салаирка",1,1,0,1,1,1,0,0,0,0,0,2019-03-20 00:00:00,2019-05-24 11:14:12
528,529,"р. Тура, в створе с. Салаирка",1,1,0,1,1,1,0,0,0,0,0,2019-04-19 00:00:00,2019-05-24 11:13:59
529,530,"р. Тура, выше г. Тюмени",1,1,0,1,1,1,0,0,0,0,0,2019-03-20 00:00:00,2019-05-24 11:14:18
530,531,"р. Тура, выше г. Тюмени",1,1,0,1,1,1,0,0,0,0,0,2019-04-19 00:00:00,2019-05-24 11:14:06
531,532,"р. Тура, ниже г. Тюмени",1,0,0,1,0,1,0,0,0,0,0,2019-03-20 00:00:00,2019-05-24 11:13:18
532,533,"р. Тура, ниже г. Тюмени",1,1,0,0,1,1,0,0,0,0,0,2019-04-19 00:00:00,2019-05-24 11:13:51
533,534,"р. Тура, в створе с. Покровское",1,1,0,0,0,1,0,0,0,0,0,2019-04-19 00:00:00,2019-05-24 11:15:17
534,535,"р. Ишим, в створе с. Ильинское",0,0,0,0,1,1,0,0,0,0,0,2019-03-20 00:00:00,2019-05-24 11:15:51
535,536,"р. Ишим, в створе с. Ильинское",0,0,0,0,0,1,0,0,0,0,0,2019-04-19 00:00:00,2019-05-24 11:16:19
536,537,"р. Ишим, выше г. Ишима",0,0,0,1,1,1,0,0,0,0,0,2019-03-20 00:00:00,2019-05-24 11:17:06
537,538,"р. Ишим, выше г. Ишима",0,0,0,0,1,1,0,0,0,0,0,2019-04-19 00:00:00,2019-05-24 11:17:34
538,539,"р. Ишим, ниже г. Ишима",0,1,0,1,1,1,0,0,0,0,0,2019-03-20 00:00:00,2019-05-24 11:18:21
539,540,"р. Ишим, ниже г. Ишима",0,0,0,0,1,1,0,0,0,0,0,2019-04-19 00:00:00,2019-05-24 11:18:58
540,541,"р. Ишим, в створе с. Абатское",0,0,0,0,1,1,0,0,0,0,0,2019-04-19 00:00:00,2019-05-24 11:19:38
541,542,"р. Тобол, в створе с. Коркино",1,1,0,0,1,1,0,0,0,0,0,2019-03-20 00:00:00,2019-05-24 11:20:21
542,543,"р. Тобол, в створе с. Коркино",0,0,0,0,0,1,0,0,0,0,0,2019-04-19 00:00:00,2019-05-24 11:20:55
543,544,"р. Тобол, выше г. Ялуторовска",1,1,0,1,1,1,0,0,0,0,0,2019-03-20 00:00:00,2019-05-24 11:21:39
544,545,"р. Тобол, выше г. Ялуторовска",1,1,0,1,1,1,0,0,0,0,0,2019-04-19 00:00:00,2019-05-24 11:22:23
545,546,"р. Тобол, ниже г. Ялуторовска",1,1,0,1,1,1,0,0,0,0,0,2019-03-20 00:00:00,2019-05-24 11:23:03
546,547,"р. Тобол, ниже г. Ялуторовска",1,1,0,0,1,1,0,0,0,0,0,2019-04-19 00:00:00,2019-05-24 11:23:46
547,548,"р. Тобол, в створе с. Иевлево",0,1,0,0,0,1,0,0,0,0,0,2019-04-19 00:00:00,2019-05-24 11:24:31
548,549,"р. Тура, в створе с. Салаирка",0,1,0,1,1,1,0,0,0,0,0,2019-05-20 00:00:00,2019-06-09 12:46:52
549,550,"р. Тура, в створе с. Салаирка",0,1,0,1,1,1,0,0,0,0,0,2019-06-20 00:00:00,2019-06-09 12:47:55
550,551,"р. Тура, в створе с. Салаирка",0,0,0,1,1,1,0,0,0,0,0,2019-07-19 00:00:00,2019-06-09 12:48:43
551,552,"р. Тура, в створе с. Салаирка",0,1,0,1,1,1,0,0,0,0,0,2019-08-20 00:00:00,2019-06-09 12:49:36
552,553,"р. Тура, выше г. Тюмени",0,0,0,1,1,1,0,0,0,0,0,2019-05-20 00:00:00,2019-06-09 12:51:11
553,554,"р. Тура, выше г. Тюмени",0,1,0,0,0,1,0,0,0,0,0,2019-06-20 00:00:00,2019-06-09 12:52:00
554,555,"р. Тура, выше г. Тюмени",0,0,0,1,0,1,0,0,0,0,0,2019-07-19 00:00:00,2019-06-09 12:52:39
555,556,"р. Тура, выше г. Тюмени",0,1,0,1,1,1,0,0,0,0,0,2019-08-20 00:00:00,2019-06-09 12:53:15
556,557,"р. Тура, ниже г. Тюмени",0,0,0,1,1,1,0,0,0,0,0,2019-05-20 00:00:00,2019-06-09 12:54:09
557,558,"р. Тура, ниже г. Тюмени",0,1,0,0,0,1,0,0,0,0,0,2019-06-20 00:00:00,2019-06-09 12:54:41
558,559,"р. Тура, ниже г. Тюмени",0,0,0,1,1,1,0,0,0,0,0,2019-07-19 00:00:00,2019-06-09 12:55:18
559,560,"р. Тура, ниже г. Тюмени",1,1,0,1,1,1,0,0,0,0,0,2019-08-20 00:00:00,2019-06-09 12:56:02
560,561,"р. Тура, в створе с. Покровское",0,1,0,1,1,1,0,0,0,0,0,2019-05-20 00:00:00,2019-06-09 12:57:08
561,562,"р. Тура, в створе с. Покровское",0,1,0,0,0,1,0,0,0,0,0,2019-06-20 00:00:00,2019-06-09 12:57:49
562,563,"р. Тура, в створе с. Покровское",0,0,0,1,0,1,0,0,0,0,0,2019-07-19 00:00:00,2019-06-09 12:58:31
563,564,"р. Тура, в створе с. Покровское",1,1,0,0,0,1,0,0,0,0,0,2019-08-20 00:00:00,2019-06-09 12:59:09
564,565,"р. Ишим, в створе с. Ильинское",0,0,0,0,0,1,0,0,0,0,0,2019-05-20 00:00:00,2019-06-09 13:10:25
565,566,"р. Ишим, в створе с. Ильинское",0,0,0,0,0,1,0,0,0,0,0,2019-06-20 00:00:00,2019-06-09 13:10:56
566,567,"р. Ишим, в створе с. Ильинское",0,0,0,1,0,1,0,0,0,0,0,2019-07-19 00:00:00,2019-06-09 13:11:27
567,568,"р. Ишим, в створе с. Ильинское",0,0,0,0,1,1,0,0,0,0,0,2019-08-20 00:00:00,2019-06-09 13:11:59
568,569,"р. Ишим, выше г. Ишима",0,0,0,0,0,1,0,0,0,0,0,2019-05-20 00:00:00,2019-06-09 13:13:04
569,570,"р. Ишим, выше г. Ишима",0,0,0,0,0,1,0,0,0,0,0,2019-06-20 00:00:00,2019-06-09 13:13:41
570,571,"р. Ишим, выше г. Ишима",0,0,0,1,0,1,0,0,0,0,0,2019-07-19 00:00:00,2019-06-09 13:14:12
571,572,"р. Ишим, выше г. Ишима",0,0,0,0,1,1,0,0,0,0,0,2019-08-20 00:00:00,2019-06-09 13:14:38
572,573,"р. Ишим, ниже г. Ишима",0,0,0,0,0,1,0,0,0,0,0,2019-05-20 00:00:00,2019-06-09 13:15:50
573,574,"р. Ишим, ниже г. Ишима",0,0,0,0,0,1,0,0,0,0,0,2019-06-20 00:00:00,2019-06-09 13:16:28
574,575,"р. Ишим, ниже г. Ишима",0,0,0,1,1,1,0,0,0,0,0,2019-07-19 00:00:00,2019-06-09 13:16:59
575,576,"р. Ишим, ниже г. Ишима",0,0,0,1,1,0,0,0,0,0,0,2019-08-20 00:00:00,2019-06-09 13:17:28
576,577,"р. Ишим, в створе с. Абатское",0,0,0,0,0,1,0,0,0,0,0,2019-05-20 00:00:00,2019-06-09 13:20:45
577,578,"р. Ишим, в створе с. Абатское",0,0,0,0,0,1,0,0,0,0,0,2019-06-20 00:00:00,2019-06-09 13:21:56
578,579,"р. Ишим, в створе с. Абатское",0,0,0,1,1,1,0,0,0,0,0,2019-07-19 00:00:00,2019-06-09 13:22:29
579,580,"р. Ишим, в створе с. Абатское",0,0,0,1,1,1,0,0,0,0,0,2019-08-20 00:00:00,2019-06-09 13:22:57
580,581,"р. Тобол, в створе с. Коркино",0,0,0,1,0,1,0,0,0,0,0,2019-05-20 00:00:00,2019-06-09 14:15:12
581,582,"р. Тобол, в створе с. Коркино",0,0,0,0,0,1,0,0,0,0,0,2019-06-20 00:00:00,2019-06-09 14:15:36
582,583,"р. Тобол, в створе с. Коркино",0,0,0,0,1,1,0,0,0,0,0,2019-07-19 00:00:00,2019-06-09 14:16:04
583,584,"р. Тобол, в створе с. Коркино",0,0,0,0,1,1,0,0,0,0,0,2019-08-20 00:00:00,2019-06-09 14:16:35
584,585,"р. Тобол, выше г. Ялуторовска",0,0,0,0,0,1,0,0,0,0,0,2019-05-20 00:00:00,2019-06-09 14:17:18
585,586,"р. Тобол, выше г. Ялуторовска",0,0,0,0,0,1,0,0,0,0,0,2019-06-20 00:00:00,2019-06-09 14:18:02
586,587,"р. Тобол, выше г. Ялуторовска",0,0,0,0,1,1,0,0,0,0,0,2019-07-19 00:00:00,2019-06-09 14:20:01
587,588,"р. Тобол, выше г. Ялуторовска",0,0,0,1,1,1,0,0,0,0,0,2019-08-20 00:00:00,2019-06-09 14:20:30
588,589,"р. Тобол, ниже г. Ялуторовска",0,0,0,0,0,1,0,0,0,0,0,2019-05-20 00:00:00,2019-06-09 14:21:18
589,590,"р. Тобол, ниже г. Ялуторовска",0,0,0,0,0,1,0,0,0,0,0,2019-06-20 00:00:00,2019-06-09 14:21:46
590,591,"р. Тобол, ниже г. Ялуторовска",0,0,0,0,1,1,0,0,0,0,0,2019-07-19 00:00:00,2019-06-09 14:22:21
591,592,"р. Тобол, ниже г. Ялуторовска",0,0,0,1,1,1,0,0,0,0,0,2019-08-20 00:00:00,2019-06-09 14:22:51
592,593,"р. Тобол, в створе с. Иевлево",0,1,0,1,0,1,0,0,0,0,0,2019-05-20 00:00:00,2019-06-09 14:23:47
593,594,"р. Тобол, в створе с. Иевлево",0,0,0,0,0,1,0,0,0,0,0,2019-06-20 00:00:00,2019-06-09 14:25:19
594,595,"р. Тобол, в створе с. Иевлево",0,0,0,0,1,1,0,0,0,0,0,2019-07-19 00:00:00,2019-06-09 14:25:45
595,596,"р. Тобол, в створе с. Иевлево",0,1,0,0,0,1,0,0,0,0,0,2019-08-20 00:00:00,2019-06-09 14:26:16
596,597,"р. Тура, в створе с. Салаирка",0,1,0,0,1,1,0,0,0,0,0,2019-09-20 00:00:00,2019-11-27 17:25:20
597,598,"р. Тура, в створе с. Салаирка",0,1,0,1,0,1,0,0,0,0,0,2019-10-21 00:00:00,2019-11-27 17:26:04
598,599,"р. Тура, выше г. Тюмени",0,1,0,0,1,1,0,0,0,0,0,2019-09-20 00:00:00,2019-11-27 17:27:26
599,600,"р. Тура, выше г. Тюмени",1,1,0,0,0,1,0,0,0,0,0,2019-10-21 00:00:00,2019-11-27 17:28:38
600,601,"р. Тура, ниже г. Тюмени",1,1,0,0,1,1,0,0,0,0,0,2019-09-20 00:00:00,2019-11-27 17:29:14
601,602,"р. Тура, ниже г. Тюмени",1,1,0,1,0,1,0,0,0,0,0,2019-10-21 00:00:00,2019-11-27 17:29:44
602,603,"р. Тура, в створе с. Покровское",1,1,0,0,1,1,0,0,0,0,0,2019-10-21 00:00:00,2019-11-27 17:30:30
603,604,"р. Ишим, в створе с. Ильинское",0,0,0,0,1,1,0,0,0,0,0,2019-09-20 00:00:00,2019-11-27 17:31:06
604,605,"р. Ишим, в створе с. Ильинское",0,1,0,1,0,1,0,0,0,0,0,2019-10-21 00:00:00,2019-11-27 17:31:56
605,606,"р. Ишим, выше г. Ишима",0,0,0,0,1,1,0,0,0,0,0,2019-09-20 00:00:00,2019-11-27 17:36:40
606,607,"р. Ишим, выше г. Ишима",0,0,0,1,1,1,0,0,0,0,0,2019-10-21 00:00:00,2019-11-27 17:37:15
607,608,"р. Ишим, ниже г. Ишима",0,0,0,1,1,1,0,0,0,0,0,2019-09-20 00:00:00,2019-11-27 17:37:51
608,609,"р. Ишим, ниже г. Ишима",0,1,0,1,0,1,0,0,0,0,0,2019-10-21 00:00:00,2019-11-27 17:38:18
609,610,"р. Ишим, в створе с. Абатское",0,0,0,1,0,1,0,0,0,0,0,2019-10-21 00:00:00,2019-11-27 17:39:02
610,611,"р. Тобол, в створе с. Коркино",0,0,0,0,1,1,0,0,0,0,0,2019-09-20 00:00:00,2019-11-27 17:39:34
611,612,"р. Тобол, в створе с. Коркино",0,0,0,0,1,1,0,0,0,0,0,2019-10-21 00:00:00,2019-11-27 17:40:03
612,613,"р. Тобол, выше г. Ялуторовска",0,0,0,0,1,1,0,0,0,0,0,2019-09-20 00:00:00,2019-11-27 17:40:46
613,614,"р. Тобол, выше г. Ялуторовска",0,0,0,0,0,1,0,0,0,0,0,2019-10-21 00:00:00,2019-11-27 17:41:09
614,615,"р. Тобол, ниже г. Ялуторовска",0,0,0,1,1,1,0,0,0,0,0,2019-09-20 00:00:00,2019-11-27 17:41:48
615,616,"р. Тобол, ниже г. Ялуторовска",0,0,0,0,1,1,0,0,0,0,0,2019-10-21 00:00:00,2019-11-27 17:42:15
616,617,"р. Тобол, в створе с. Иевлево",0,0,0,0,1,1,0,0,0,0,0,2019-10-21 00:00:00,2019-11-27 17:42:53
617,618,"р. Тура, в створе с. Салаирка",0,1,0,1,1,1,0,0,0,0,0,2019-11-20 00:00:00,2019-12-12 09:53:54
618,619,"р. Тура, выше г. Тюмени",0,1,0,1,0,1,0,0,0,0,0,2019-11-20 00:00:00,2019-12-12 09:55:27
619,620,"р. Тура, ниже г. Тюмени",0,1,0,1,0,1,0,0,0,0,0,2019-11-20 00:00:00,2019-12-12 09:56:13
620,621,"р. Ишим, в створе с. Ильинское",0,0,0,1,0,0,0,0,0,0,0,2019-11-20 00:00:00,2019-12-12 09:57:59
621,622,"р. Ишим, выше г. Ишима",0,0,0,0,0,0,0,0,0,0,0,2019-11-20 00:00:00,2019-12-12 09:58:43
622,623,"р. Ишим, ниже г. Ишима",0,0,0,0,0,0,0,0,0,0,0,2019-11-20 00:00:00,2019-12-12 09:59:21
623,624,"р. Тобол, в створе с. Коркино",0,0,0,0,0,1,0,0,0,0,0,2019-11-20 00:00:00,2019-12-12 10:00:42
624,625,"р. Тобол, выше г. Ялуторовска",0,0,0,1,0,1,0,0,0,0,0,2019-11-20 00:00:00,2019-12-12 10:02:30
625,626,"р. Тобол, ниже г. Ялуторовска",0,0,0,1,0,1,0,0,0,0,0,2019-11-20 00:00:00,2019-12-12 10:03:10
626,628,"р. Тура, в створе с. Салаирка",0,1,0,1,1,1,1,1,0,1,0,2019-12-20 00:00:00,2020-01-29 17:30:36
627,629,"р. Тура, выше г. Тюмени",0,1,0,0,0,1,1,1,0,1,0,2019-12-20 00:00:00,2020-01-29 17:33:49
628,630,"р. Тура, ниже г. Тюмени",0,1,0,0,0,1,1,1,0,1,1,2019-12-20 00:00:00,2020-01-29 17:35:05
629,631,"р. Ишим, в створе с. Ильинское",0,0,0,0,0,1,0,1,0,1,0,2019-12-20 00:00:00,2020-01-29 17:36:46
630,632,"р. Ишим, выше г. Ишима",0,0,0,0,0,1,0,1,0,1,0,2019-12-20 00:00:00,2020-01-29 17:37:29
631,633,"р. Ишим, ниже г. Ишима",0,0,0,0,0,1,1,1,0,1,0,2019-12-20 00:00:00,2020-01-29 17:38:17
632,634,"р. Тобол, в створе с. Коркино",1,0,0,1,0,1,0,1,0,1,0,2019-12-20 00:00:00,2020-01-29 17:39:16
633,635,"р. Тобол, выше г. Ялуторовска",1,1,0,1,0,1,1,1,0,1,0,2019-12-20 00:00:00,2020-01-29 17:40:12
634,636,"р. Тобол, ниже г. Ялуторовска",1,1,0,1,0,1,1,1,0,1,0,2019-12-20 00:00:00,2020-01-29 17:41:06
635,637,"р. Тура, в створе с. Салаирка",0,1,0,1,1,1,1,1,0,1,0,2020-01-20 00:00:00,2020-02-27 10:43:21
636,638,"р. Тура, выше г. Тюмени",0,1,0,1,0,1,1,1,0,1,0,2020-01-20 00:00:00,2020-02-27 10:45:50
637,639,"р. Тура, ниже г. Тюмени",0,1,0,1,0,1,1,1,0,1,1,2020-01-20 00:00:00,2020-02-27 10:46:56
638,640,"р. Ишим, в створе с. Ильинское",0,0,0,1,0,0,0,1,0,1,0,2020-01-20 00:00:00,2020-02-27 10:48:07
639,641,"р. Ишим, выше г. Ишима",0,0,0,1,0,0,0,1,0,1,0,2020-01-20 00:00:00,2020-02-27 10:48:55
640,642,"р. Ишим, ниже г. Ишима",0,0,0,1,0,0,0,1,0,1,0,2020-01-20 00:00:00,2020-02-27 10:49:40
641,643,"р. Тобол, в створе с. Коркино",1,1,0,0,1,1,0,1,0,1,0,2020-01-20 00:00:00,2020-02-27 10:50:37
642,644,"р. Тобол, выше г. Ялуторовска",0,1,0,1,1,1,1,1,0,1,1,2020-01-20 00:00:00,2020-02-27 10:51:33
643,645,"р. Тобол, ниже г. Ялуторовска",0,1,0,1,1,1,1,1,0,1,1,2020-01-20 00:00:00,2020-02-27 10:52:33
644,646,"р. Тура, в створе с. Салаирка",1,1,0,1,1,1,1,1,0,1,0,2020-02-20 00:00:00,2020-03-13 10:09:02
645,647,"р. Тура, выше г. Тюмени",1,1,0,1,1,1,1,1,0,1,0,2020-02-20 00:00:00,2020-03-13 10:09:40
646,648,"р. Тура, ниже г. Тюмени",1,1,0,1,1,1,1,1,0,1,0,2020-02-20 00:00:00,2020-03-13 10:10:16
647,649,"р. Тура, в створе с. Покровское",1,1,0,0,1,1,1,1,0,1,0,2020-02-20 00:00:00,2020-03-13 10:15:20
648,650,"р. Ишим, в створе с. Ильинское",0,0,0,0,0,1,0,1,0,1,0,2020-02-20 00:00:00,2020-03-13 10:24:43
649,651,"р. Ишим, выше г. Ишима",0,0,0,1,1,1,0,1,0,1,0,2020-02-20 00:00:00,2020-03-13 10:25:38
650,652,"р. Ишим, ниже г. Ишима",1,0,0,1,0,1,0,1,0,1,0,2020-02-20 00:00:00,2020-03-13 10:26:27
651,653,"р. Ишим, в створе с. Абатское",1,1,0,1,1,1,0,1,0,1,0,2020-02-20 00:00:00,2020-03-13 10:27:21
652,654,"р. Тобол, в створе с. Коркино",1,1,0,1,1,1,0,0,0,1,1,2020-02-20 00:00:00,2020-03-13 10:30:26
653,655,"р. Тобол, выше г. Ялуторовска",1,1,0,1,1,1,1,1,0,1,0,2020-02-20 00:00:00,2020-03-13 10:31:26
654,656,"р. Тобол, ниже г. Ялуторовска",1,1,0,1,1,1,1,1,0,1,0,2020-02-20 00:00:00,2020-03-13 10:32:06
655,657,"р. Тобол, в створе с. Иевлево",1,1,0,0,1,1,1,1,0,1,1,2020-02-20 00:00:00,2020-03-13 10:33:06
656,658,"р. Тура, в створе с. Салаирка",1,1,0,1,1,1,1,1,0,1,0,2020-03-20 00:00:00,2020-04-21 12:30:13
657,659,"р. Тура, выше г. Тюмени",1,1,0,1,1,1,1,1,0,1,0,2020-03-20 00:00:00,2020-04-21 12:29:31
658,660,"р. Тура, ниже г. Тюмени",1,1,0,1,1,1,1,1,0,1,0,2020-03-20 00:00:00,2020-04-21 12:31:18
659,661,"р. Ишим, в створе с. Ильинское",0,0,0,0,0,1,0,1,0,1,0,2020-03-20 00:00:00,2020-04-21 12:33:09
660,662,"р. Ишим, выше г. Ишима",0,0,0,0,0,1,0,1,0,1,0,2020-03-20 00:00:00,2020-04-21 12:35:36
661,663,"р. Ишим, ниже г. Ишима",0,0,0,0,0,1,0,1,0,1,0,2020-03-20 00:00:00,2020-04-21 12:36:18
662,664,"р. Тобол, в створе с. Коркино",0,1,0,1,1,1,0,1,0,1,0,2020-03-20 00:00:00,2020-04-21 12:37:19
663,665,"р. Тобол, выше г. Ялуторовска",1,1,0,0,1,1,0,1,0,1,0,2020-03-20 00:00:00,2020-04-21 12:38:31
664,666,"р. Тобол, ниже г. Ялуторовска",1,1,0,1,1,1,0,1,0,1,0,2020-03-20 00:00:00,2020-04-21 12:40:00
